file,original_line,pattern,match,disposition,original_context
architecture.html,20,list / possible triad,,Revised: L147,"The goal in section 1.8 is to search over network designs. A search can only vary what the program treats as data, and it can only reject a design cheaply if the layer shapes are known before anything is built. This page covers how a configuration is described, how its shapes are derived, and how its size on chip is counted."
architecture.html,53,hyphenated expression,shape-determining,Retained for context: punctuation or technical compound alone does not justify a rewrite.,"Seven dataclasses hold the shape-determining settings, and an eighth, TrainSpec, holds the optimization recipe. A dataclass is simply a Python structure of named fields with types and defaults."
architecture.html,53,list / possible triad,,Retained: parallel technical items; three items alone are not a defect.,"Seven dataclasses hold the shape-determining settings, and an eighth, TrainSpec, holds the optimization recipe. A dataclass is simply a Python structure of named fields with types and defaults."
architecture.html,66,hyphenated expression,per-layer,Retained for context: punctuation or technical compound alone does not justify a rewrite.,"out_channels, kernel_size, stride, padding, dilation, pool, and optional per-layer tau and v_threshold"
architecture.html,66,list / possible triad,,Retained: parallel technical items; three items alone are not a defect.,"out_channels, kernel_size, stride, padding, dilation, pool, and optional per-layer tau and v_threshold"
architecture.html,67,hyphenated expression,per-layer,Retained for context: punctuation or technical compound alone does not justify a rewrite.,"Uniform fields (depth, channels, kernel_size) or a per-layer layers_json, plus bias and norm"
architecture.html,67,list / possible triad,,Retained: parallel technical items; three items alone are not a defect.,"Uniform fields (depth, channels, kernel_size) or a per-layer layers_json, plus bias and norm"
architecture.html,69,list / possible triad,,Retained: parallel technical items; three items alone are not a defect.,"mode of stride or pool, pool_type, pool kernel and stride"
architecture.html,70,list / possible triad,,Retained: parallel technical items; three items alone are not a defect.,"final_reduction of flatten or gap, fc_widths, dropout_rate"
architecture.html,77,hyphenated expression,command-line,Retained for context: punctuation or technical compound alone does not justify a rewrite.,"Each group is exposed as a flag that accepts key=value pairs. One function, fill_from_kv, reads the dataclass's own field list to decide which keys are valid and what type each value should become. Adding a field to a dataclass therefore adds its command-line option without further work."
architecture.html,77,list / possible triad,,Retained: parallel technical items; three items alone are not a defect.,"Each group is exposed as a flag that accepts key=value pairs. One function, fill_from_kv, reads the dataclass's own field list to decide which keys are valid and what type each value should become. Adding a field to a dataclass therefore adds its command-line option without further work."
architecture.html,111,list / possible triad,,Revised: L183,"Two fields above need a word of explanation. norm chooses the normalization layer: bn is the ordinary batch normalization of section 1.3, tdbn is a variant that also normalizes across the timesteps rather than the batch alone, and none switches it off. Turning it off makes the model enable a bias on each convolution, since a convolution with neither would hold every output channel at zero mean. dilation spaces a kernel's taps apart so it covers a wider area without more weights. It stays at 1 throughout this project."
architecture.html,128,list / possible triad,,Retained: parallel technical items; three items alone are not a defect.,"Three parts of the program need the spatial size of every layer: the module that builds the network, the check against the connection limits, and the count of neurons and connections."
architecture.html,135,list / possible triad,,Retained: parallel technical items; three items alone are not a defect.,"The shapes need to be computed once, stored, and read by all three consumers. Doing so also makes the geometry testable without a GPU, since the computation is ordinary arithmetic."
architecture.html,142,list / possible triad,,Retained: parallel technical items; three items alone are not a defect.,"plan_network() returns a NetPlan listing every convolution block and linear layer with its input size, output size, channel counts, and cumulative stride, meaning the product of every stride up to that point. The model builder, check_feasibility and count_neurons_and_synapses all take that object as their input."
architecture.html,152,hyphenated expression,per-layer,Retained for context: punctuation or technical compound alone does not justify a rewrite.,The per-layer size comes from the standard convolution formula:
architecture.html,160,hyphenated expression,size-preserving,Retained for context: punctuation or technical compound alone does not justify a rewrite.,"Stop shrinking small maps If a feature map has reached 3×3 or smaller, the layer is forced to stride 1 with size-preserving padding whatever the configuration requested. A kernel larger than the remaining map raises InfeasibleConfig with the sizes involved."
architecture.html,161,hyphenated expression,per-layer,Retained for context: punctuation or technical compound alone does not justify a rewrite.,Resolve where downsampling comes from A per-layer pool flag takes precedence and produces a stride-1 convolution followed by pooling. Otherwise the global mode decides between a strided convolution and a pooling layer.
architecture.html,162,hyphenated expression,post-convolution,Retained for context: punctuation or technical compound alone does not justify a rewrite.,"Record the result Each block stores its input size, its post-convolution size, which is where the neurons sit, and its post-pooling size, which feeds the next block."
architecture.html,162,hyphenated expression,post-pooling,Retained for context: punctuation or technical compound alone does not justify a rewrite.,"Record the result Each block stores its input size, its post-convolution size, which is where the neurons sit, and its post-pooling size, which feeds the next block."
architecture.html,162,list / possible triad,,Retained: parallel technical items; three items alone are not a defect.,"Record the result Each block stores its input size, its post-convolution size, which is where the neurons sit, and its post-pooling size, which feeds the next block."
architecture.html,168,list / possible triad,,Retained: parallel technical items; three items alone are not a defect.,"Asking how large a network is has four answers here, and they differ by orders of magnitude. The first three come from the plan alone. For a convolution with kernel k, Cin input channels, Cout output channels and an H×W output map:"
architecture.html,190,hyphenated expression,fan-out,Retained for context: punctuation or technical compound alone does not justify a rewrite.,∑ spikes × fan-out
architecture.html,210,list / possible triad,,Revised: L149,"Work has to be measured on real data rather than derived from the shape. The accepted measure is the synaptic operation: one accumulate at one downstream neuron, caused by one arriving spike. Summed over a sample it is the quantity a neuromorphic chip spends energy on, and it counts events rather than seconds, so it compares across platforms."
architecture.html,219,hyphenated expression,fan-out,Retained for context: punctuation or technical compound alone does not justify a rewrite.,SynOpsCounter hooks every spiking layer during evaluation and multiplies the spikes each emits by its fan-out. Every run reports synops_per_sample whether or not the search is asked to act on it.
architecture.html,232,list / possible triad,,Revised: L150,"The name matters. SynOps counts events, not joules. Real energy also includes memory traffic, data movement between cores and static power, and on an FPGA static power may dominate all of them. The column is called synops for that reason, and calling it energy would be a claim the measurement does not support."
architecture.html,251,hyphenated expression,trade-off,Retained for context: punctuation or technical compound alone does not justify a rewrite.,When the trade-off is not yet decided. Defers the choice until the front can be looked at.
architecture.html,291,hyphenated expression,two-layer,Revised: L184,"In the two-layer configuration below, the second convolution holds 50,176 parameters and realizes 7.2 million connections, because the same filter is applied at 144 positions. Only the parameter count ever reaches a GPU's memory. All 7.2 million have to be stored individually here, which is why the chip's limits are written as fan-in and fan-out rather than as a parameter budget."
architecture.html,291,hyphenated expression,fan-in,Revised: L184,"In the two-layer configuration below, the second convolution holds 50,176 parameters and realizes 7.2 million connections, because the same filter is applied at 144 positions. Only the parameter count ever reaches a GPU's memory. All 7.2 million have to be stored individually here, which is why the chip's limits are written as fan-in and fan-out rather than as a parameter budget."
architecture.html,291,hyphenated expression,fan-out,Revised: L184,"In the two-layer configuration below, the second convolution holds 50,176 parameters and realizes 7.2 million connections, because the same filter is applied at 144 positions. Only the parameter count ever reaches a GPU's memory. All 7.2 million have to be stored individually here, which is why the chip's limits are written as fan-in and fan-out rather than as a parameter budget."
architecture.html,291,list / possible triad,,Revised: L184,"In the two-layer configuration below, the second convolution holds 50,176 parameters and realizes 7.2 million connections, because the same filter is applied at 144 positions. Only the parameter count ever reaches a GPU's memory. All 7.2 million have to be stored individually here, which is why the chip's limits are written as fan-in and fan-out rather than as a parameter budget."
architecture.html,337,hyphenated expression,small-map,Revised: L185,"The panel below runs the planning, costing and feasibility code from the file, ported to JavaScript and checked against the Python implementation. A few things are worth trying: 128 channels breaks the connection limits, a GAP head moves the parameter count by an order of magnitude, and enough layers will eventually trip the small-map guard from section 3.2."
architecture.html,337,list / possible triad,,Revised: L185,"The panel below runs the planning, costing and feasibility code from the file, ported to JavaScript and checked against the Python implementation. A few things are worth trying: 128 channels breaks the connection limits, a GAP head moves the parameter count by an order of magnitude, and enough layers will eventually trip the small-map guard from section 3.2."
architecture.html,415,em dash,—,Retained for context: punctuation or technical compound alone does not justify a rewrite.,—
architecture.html,416,em dash,—,Retained for context: punctuation or technical compound alone does not justify a rewrite.,—
architecture.html,417,em dash,—,Retained for context: punctuation or technical compound alone does not justify a rewrite.,—
architecture.html,418,em dash,—,Retained for context: punctuation or technical compound alone does not justify a rewrite.,—
architecture.html,419,em dash,—,Retained for context: punctuation or technical compound alone does not justify a rewrite.,—
architecture.html,420,em dash,—,Retained for context: punctuation or technical compound alone does not justify a rewrite.,—
architecture.html,432,hyphenated expression,fan-in,Retained for context: punctuation or technical compound alone does not justify a rewrite.,"After the convolution stack, a block of shape channels × height × width has to become 11 class scores. The two available reductions differ in how much fan-in they demand from the first linear layer, which section 1.3 limits to 8,159."
architecture.html,442,hyphenated expression,fan-in,Retained for context: punctuation or technical compound alone does not justify a rewrite.,"Every neuron in the following linear layer then has a fan-in of 4,608."
architecture.html,450,hyphenated expression,Fan-in,Retained for context: punctuation or technical compound alone does not justify a rewrite.,"Fan-in drops to the channel count, and many more configurations pass the feasibility check."
architecture.html,451,hyphenated expression,fixed-weight,Retained for context: punctuation or technical compound alone does not justify a rewrite.,"An average is a fixed-weight linear map, so the chip can absorb it into the following layer."
architecture.html,456,list / possible triad,,Retained: parallel technical items; three items alone are not a defect.,"Between the reduction and the classifier the configuration may place hidden linear layers. The 65-trial study described in section 6.6 found that the best configurations used none, so the search now allows at most one. Linear layers are built without bias, since the chip provides no bias term."
architecture.html,465,hyphenated expression,per-layer,Retained for context: punctuation or technical compound alone does not justify a rewrite.,3.6Uniform and per-layer encoders
architecture.html,466,hyphenated expression,per-layer,Retained for context: punctuation or technical compound alone does not justify a rewrite.,"EncoderSpec accepts two forms. The uniform form takes a depth, a channel count and a kernel size, and repeats them. The per-layer form takes a JSON list of layer dictionaries and gives each layer its own geometry, including per-layer neuron overrides."
architecture.html,466,hyphenated expression,per-layer,Retained for context: punctuation or technical compound alone does not justify a rewrite.,"EncoderSpec accepts two forms. The uniform form takes a depth, a channel count and a kernel size, and repeats them. The per-layer form takes a JSON list of layer dictionaries and gives each layer its own geometry, including per-layer neuron overrides."
architecture.html,466,list / possible triad,,Retained: parallel technical items; three items alone are not a defect.,"EncoderSpec accepts two forms. The uniform form takes a depth, a channel count and a kernel size, and repeats them. The per-layer form takes a JSON list of layer dictionaries and gives each layer its own geometry, including per-layer neuron overrides."
architecture.html,471,hyphenated expression,per-layer,Retained for context: punctuation or technical compound alone does not justify a rewrite.,per-layer encoderemitted by the per-layer search space
architecture.html,471,hyphenated expression,per-layer,Retained for context: punctuation or technical compound alone does not justify a rewrite.,per-layer encoderemitted by the per-layer search space
architecture.html,472,hyphenated expression,per-layer,Retained for context: punctuation or technical compound alone does not justify a rewrite.,per-layer encoderemitted by the per-layer search space
architecture.html,472,hyphenated expression,per-layer,Retained for context: punctuation or technical compound alone does not justify a rewrite.,per-layer encoderemitted by the per-layer search space
architecture.html,481,list / possible triad,,Retained: parallel technical items; three items alone are not a defect.,"resolve_conv_layers() reduces either form to one list, so the planner, the checker, the cost model and the builder each handle a single representation."
architecture.html,482,hyphenated expression,Per-layer,Retained for context: punctuation or technical compound alone does not justify a rewrite.,"Per-layer neuron parameters cost nothing on chip, which reads a neuron model per neuron. Per-channel parameters were considered and rejected as too many degrees of freedom for a dataset of this size."
architecture.html,482,hyphenated expression,Per-channel,Retained for context: punctuation or technical compound alone does not justify a rewrite.,"Per-layer neuron parameters cost nothing on chip, which reads a neuron model per neuron. Per-channel parameters were considered and rejected as too many degrees of freedom for a dataset of this size."
hardware.html,20,hyphenated expression,HiAER-Spike,Revised: L155,"Section 1.3 listed the connection limits and the numeric formats HiAER-Spike imposes. This page turns them into code by running checks that rejects unbuildable configurations, and a training procedure that keeps the network inside the INT16 grid instead of quantizing it once training is over."
hardware.html,38,list / possible triad,,Revised: L156,"Every connection on this chip takes up one row in a stored table, and that table holds a fixed number of rows. A configuration needing more rows than exist cannot be wired at all, and training it teaches nothing."
hardware.html,77,hyphenated expression,Fan-in,Retained for context: punctuation or technical compound alone does not justify a rewrite.,"Fan-in of a convolution neuron is k² · Cin, the size of the window it reads."
hardware.html,78,hyphenated expression,Fan-out,Retained for context: punctuation or technical compound alone does not justify a rewrite.,"Fan-out of a convolution neuron is ⌈k/s⌉² · Cout, the number of windows in the next layer that contain it."
hardware.html,79,hyphenated expression,Fan-in,Retained for context: punctuation or technical compound alone does not justify a rewrite.,Fan-in of a linear neuron is the full width of the previous layer.
hardware.html,82,hyphenated expression,fan-out,Retained for context: punctuation or technical compound alone does not justify a rewrite.,"The first block draws on the axon budget because it reads the input. Later blocks use the neuron budgets. The last convolution block is a special case: its fan-out is the width of the first linear layer, since no further convolution follows it."
hardware.html,89,hyphenated expression,fan-in,Retained for context: punctuation or technical compound alone does not justify a rewrite.,"INTERACTIVE Fan budget calculator One convolution layer, assumed to be the last one before the head. The three limits are computed from its shape, so the head's fan-in follows from the output volume rather than being chosen separately."
hardware.html,108,hyphenated expression,fan-in,Retained for context: punctuation or technical compound alone does not justify a rewrite.,"The comments in the search space record what these limits did to the design after 65 trials. Channel count was the strongest predictor of infeasibility: 88% of 32-channel configurations passed, against 14% of 128-channel ones, and the wider networks never scored better. The sampled set was reduced to 32 and 64 channels. A wide flatten is the other common failure, since 9,216 features exceed the 8,159 fan-in limit on their own."
hardware.html,108,list / possible triad,,Retained: parallel technical items; three items alone are not a defect.,"The comments in the search space record what these limits did to the design after 65 trials. Channel count was the strongest predictor of infeasibility: 88% of 32-channel configurations passed, against 14% of 128-channel ones, and the wider networks never scored better. The sampled set was reduced to 32 and 64 channels. A wide flatten is the other common failure, since 9,216 features exceed the 8,159 fan-in limit on their own."
hardware.html,140,list / possible triad,,Retained: parallel technical items; three items alone are not a defect.,"32767 is 1.0, so the range is [−1, 1] and a weight of 1.3 must be truncated to 1.0."
hardware.html,141,list / possible triad,,Retained: parallel technical items; three items alone are not a defect.,"32767 is 5.0, so the range is [−5, 5] and a weight of 1.3 stores as round(1.3/5 × 32767) = 8519 while being read back as 1.29997."
hardware.html,162,list / possible triad,,Retained: parallel technical items; three items alone are not a defect.,"The converter is constructed as Quantize_Network(w_alpha=1, dynamic_alpha=False, w_bits=16). Most quantization schemes set the scale to fit the data, usually to the largest weight present, which is what the word dynamic refers to. Here it is switched off and the scale is pinned, so weights outside the range are truncated rather than mapped proportionally."
hardware.html,169,list / possible triad,,Retained: parallel technical items; three items alone are not a defect.,"Thresholds are mapped to the same scale, which is why θ has to stay within (0, 1]. A neuron compares its membrane potential against θ, and that potential is a running sum of weights. Giving weights a scale of their own would put the two sides of that comparison in different units, so every threshold would need rescaling by the same factor to stay meaningful."
hardware.html,175,list / possible triad,,Retained: parallel technical items; three items alone are not a defect.,"Within the range, the grid is fine enough that rounding error is around 10−5, which is negligible for a network. Truncation at the edge is the part that costs something, and a trained weight rarely lands out there on its own. Something has to push it."
hardware.html,228,list / possible triad,,Retained: parallel technical items; three items alone are not a defect.,"The scale factor γ/√(σ²+ε) is frequently greater than 1, and folding multiplies every weight in the channel by it. A trained weight of 0.6 in a channel with a scale of 2.1 becomes 1.26, which section 4.2 truncates to 1.0."
hardware.html,236,list / possible triad,,Retained: parallel technical items; three items alone are not a defect.,"Folding is the step that moves weights outside the representable range, so a network trained in floating point and folded afterwards can lose accuracy that no training metric predicted. Weight decay becomes relevant to deployment, since it controls how far the folded distribution spreads."
hardware.html,253,list / possible triad,,Revised: L186,"That gives weight decay two jobs at once. Alongside its usual regularization role it now also holds the folded distribution inside the representable range, since a folded weight is the trained weight times the channel scale. The search tunes one number against both. Whether the second job binds is measurable, and in the runs recorded further down it does not."
hardware.html,263,hyphenated expression,per-channel,Retained for context: punctuation or technical compound alone does not justify a rewrite.,"The fold produces a per-channel bias b′, which is non-zero even when the convolution was built without one. Convolutions on the chip have no bias field to receive it."
hardware.html,263,hyphenated expression,non-zero,Retained for context: punctuation or technical compound alone does not justify a rewrite.,"The fold produces a per-channel bias b′, which is non-zero even when the convolution was built without one. Convolutions on the chip have no bias field to receive it."
hardware.html,270,hyphenated expression,per-channel,Revised: L160,"Adding a constant to a neuron's input every timestep has the same effect as lowering its threshold by that constant. Since the chip stores a threshold per neuron, the bias can be expressed as a per-channel threshold instead, with no extra hardware support."
hardware.html,278,hyphenated expression,bias-free,Retained for context: punctuation or technical compound alone does not justify a rewrite.,"fold_bn(net, bias_mode=""threshold"") writes θ′ = θ − b′ into the following neuron and leaves the convolution bias-free. bias_mode=""conv"" keeps b′ on the convolution instead, which is exact and useful for verification in software."
hardware.html,278,list / possible triad,,Retained: parallel technical items; three items alone are not a defect.,"fold_bn(net, bias_mode=""threshold"") writes θ′ = θ − b′ into the following neuron and leaves the convolution bias-free. bias_mode=""conv"" keeps b′ on the convolution instead, which is exact and useful for verification in software."
hardware.html,305,hyphenated expression,per-channel,Revised: L160,per-channel
hardware.html,328,em dash,—,Retained for context: punctuation or technical compound alone does not justify a rewrite.,—
hardware.html,333,em dash, -- ,Retained for context: punctuation or technical compound alone does not justify a rewrite.,"No weight left the representable range in either run, and the largest folded weight sat at 0.665 with a third of the range unused. The rejection in both cases reads folded threshold -0.6249 <= 0 -- neuron fires unconditionally. The per-layer export shows where it came from, with layer 1 holding a channel pinned at the smallest legal integer:"
hardware.html,333,hyphenated expression,per-layer,Retained for context: punctuation or technical compound alone does not justify a rewrite.,"No weight left the representable range in either run, and the largest folded weight sat at 0.665 with a third of the range unused. The rejection in both cases reads folded threshold -0.6249 <= 0 -- neuron fires unconditionally. The per-layer export shows where it came from, with layer 1 holding a channel pinned at the smallest legal integer:"
hardware.html,333,list / possible triad,,Retained: parallel technical items; three items alone are not a defect.,"No weight left the representable range in either run, and the largest folded weight sat at 0.665 with a third of the range unused. The rejection in both cases reads folded threshold -0.6249 <= 0 -- neuron fires unconditionally. The per-layer export shows where it came from, with layer 1 holding a channel pinned at the smallest legal integer:"
hardware.html,348,hyphenated expression,Threshold-mode,Retained for context: punctuation or technical compound alone does not justify a rewrite.,"Threshold-mode folding needs θ′ = θ − b′ > 0, so it needs θ > b′. Since fake_quantize_threshold caps θ at w_alpha = 1, the implied b′ of at least 1.588 is above every θ the encoding permits. No choice of threshold rescues that fold."
hardware.html,358,list / possible triad,,Revised: L187,"Nothing in the float model constrains b′. It is β + (conv_b − μ)·scale, and β is a free learned parameter, so training can place it anywhere. The result is discovered at export, after the full epoch budget has been spent, and the trial is scored zero."
hardware.html,367,hyphenated expression,two-sided,Retained for context: punctuation or technical compound alone does not justify a rewrite.,"The legality band has to be enforced while the network trains, so the network adapts to it rather than meeting it once at the end. The band is two-sided, because the other end fails silently as well: quantized_threshold_int saturates at INT16_MAX, so a θ′ above w_alpha deploys as w_alpha with no error raised."
hardware.html,377,list / possible triad,,Retained: parallel technical items; three items alone are not a defect.,"constrain_fold_bias clamps b′ into [θ − w_alpha, θ(1 − margin)] inside ConvBNFoldQuant._folded_weight_bias, using the same clamping arrangement as the weight quantizer. The forward pass uses the clamped value, so the loss responds to the constraint, and the gradient still reaches β so the optimizer can move toward a legal value on its own. The margin is TrainSpec.fold_bias_margin, default 0.05, and setting it to 0 restores the previous behavior."
hardware.html,401,list / possible triad,,Retained: parallel technical items; three items alone are not a defect.,"With θ = 1 and the default margin, the band is [0, 0.95]. The b′ of 1.588 that produced the rejection above is clamped to 0.95, giving θ′ = 0.05, which stores as the integer 1,638. Every value of b′ now yields a θ′ inside (0, w_alpha] by construction."
hardware.html,422,list / possible triad,,Retained: parallel technical items; three items alone are not a defect.,"A bias arrives every timestep and accumulates. The leak drains v/τ per step, so the pile grows until draining balances arriving, which happens at b′·τ. A threshold shift is worth b′ once and never compounds. At τ=63 a bias of 0.15 lifts the membrane by 9.45 while the matching threshold shift is worth 0.15."
hardware.html,432,list / possible triad,,Revised: L163,"No single stored threshold can imitate the bias, because the offset is not constant. It restarts at zero after every spike and climbs toward b′·τ during silence. The fix is to stop imitating. Training should apply the bias the way the chip will, so the optimizer works against the deployed behavior rather than a version of it that only exists during training."
hardware.html,442,hyphenated expression,quantization-aware,Retained for context: punctuation or technical compound alone does not justify a rewrite.,"TrainSpec.fold_bias_qat_form defaults to ""threshold"", so HardwareLIFNode compares against θ − b′ during quantization-aware training, which is what export_deployed writes. Setting it to ""input"" restores the previous behavior for comparison. fold_bias_report now also reports |b′|·τ/θ, since the older |b′|/θ ratio carries no leak term."
hardware.html,485,em dash,—,Retained for context: punctuation or technical compound alone does not justify a rewrite.,—
hardware.html,489,list / possible triad,,Retained: parallel technical items; three items alone are not a defect.,"At τ=2 the two panels agree almost everywhere, which is why the substitution went unnoticed. The disagreement grows with τ, and the deployed configuration uses 63."
hardware.html,496,list / possible triad,,Retained: parallel technical items; three items alone are not a defect.,"tools/fold_bias_equivalence.py reads a checkpoint without needing PyTorch, recomputes θ − b′ from the stored batch normalization statistics, and checks it against the thresholds the run exported. All 32 channels matched in both convolutions, which confirms the deployed threshold is exactly θ − b′. Running both forms over the same input gave:"
hardware.html,511,hyphenated expression,cross-check,Retained for context: punctuation or technical compound alone does not justify a rewrite.,"That checkpoint scored 0.114 against a chance level of 0.091 after three epochs, so its batch normalization statistics were immature and these biases are larger than a converged run would produce. The input driving each channel was synthetic. The threshold cross-check does not depend on either caveat."
hardware.html,520,hyphenated expression,in-software,Retained for context: punctuation or technical compound alone does not justify a rewrite.,"fold_bias_mode=""conv"" keeps b′ on the convolution and never touches the threshold, which is exact and needs no constraint. It is already implemented and used for in-software verification. Deploying it requires the converter to support a per-output-channel convolution bias. That is a smaller change than reworking the quantization scale, and it removes the problem rather than bounding it."
hardware.html,520,hyphenated expression,per-output-channel,Retained for context: punctuation or technical compound alone does not justify a rewrite.,"fold_bias_mode=""conv"" keeps b′ on the convolution and never touches the threshold, which is exact and needs no constraint. It is already implemented and used for in-software verification. Deploying it requires the converter to support a per-output-channel convolution bias. That is a smaller change than reworking the quantization scale, and it removes the problem rather than bounding it."
hardware.html,520,list / possible triad,,Retained: parallel technical items; three items alone are not a defect.,"fold_bias_mode=""conv"" keeps b′ on the convolution and never touches the threshold, which is exact and needs no constraint. It is already implemented and used for in-software verification. Deploying it requires the converter to support a per-output-channel convolution bias. That is a smaller change than reworking the quantization scale, and it removes the problem rather than bounding it."
hardware.html,529,hyphenated expression,re-measuring,Retained for context: punctuation or technical compound alone does not justify a rewrite.,"Both runs above were short. The probe trained for 3 epochs and the search trials reached about 0.5 validation accuracy against a 0.98 target, so BatchNorm's running statistics were still immature when the fold read them. The clip fraction is worth re-measuring after a converged run before drawing conclusions about section 4.2."
hardware.html,537,hyphenated expression,per-channel,Retained for context: punctuation or technical compound alone does not justify a rewrite.,"INTERACTIVE A layer of weights meeting the clamp 4,000 simulated weights folded through per-channel scales. Rust bars fall outside the representable range. The readout compares against the 2% budget in DEPLOY_LIMITS."
hardware.html,558,em dash,—,Retained for context: punctuation or technical compound alone does not justify a rewrite.,—
hardware.html,578,hyphenated expression,floating-point,Retained for context: punctuation or technical compound alone does not justify a rewrite.,"The network should compute with quantized weights during training while gradients continue to reach the underlying floating-point parameters. A weight that folds out of range then raises the training loss immediately, and the optimizer has an incentive to avoid it."
hardware.html,647,list / possible triad,,Retained: parallel technical items; three items alone are not a defect.,"_WeightFakeQuant is registered through torch.nn.utils.parametrize, which keeps the raw parameter and computes the clamped version on each read. bake_weight_fake_quant collapses the two into one at export, so the saved network holds the values the chip receives."
hardware.html,662,hyphenated expression,straight-through,Retained for context: punctuation or technical compound alone does not justify a rewrite.,"The third point holds for the network's output but not for the gradient. A true derivative would be zero past the boundary, and the straight-through estimator returns 1 there instead, so the optimizer can keep pushing a stored value outward to no effect. Weight decay is what balances that. This behavior is characteristic of straight-through quantization generally rather than specific to this implementation."
hardware.html,662,hyphenated expression,straight-through,Retained for context: punctuation or technical compound alone does not justify a rewrite.,"The third point holds for the network's output but not for the gradient. A true derivative would be zero past the boundary, and the straight-through estimator returns 1 there instead, so the optimizer can keep pushing a stored value outward to no effect. Weight decay is what balances that. This behavior is characteristic of straight-through quantization generally rather than specific to this implementation."
hardware.html,662,list / possible triad,,Retained: parallel technical items; three items alone are not a defect.,"The third point holds for the network's output but not for the gradient. A true derivative would be zero past the boundary, and the straight-through estimator returns 1 there instead, so the optimizer can keep pushing a stored value outward to no effect. Weight decay is what balances that. This behavior is characteristic of straight-through quantization generally rather than specific to this implementation."
hardware.html,672,list / possible triad,,Retained: parallel technical items; three items alone are not a defect.,"weight_clip_fraction counts weights whose magnitude exceeds 1, and it reads m.weight, which is the used value. The used value is clamped to 1 before it can be read, so the count is structurally zero and the function reports 0.0% whatever the network is doing. It measures whether the clamp worked rather than whether the clamp had anything to do."
hardware.html,698,hyphenated expression,fine-tune,Retained for context: punctuation or technical compound alone does not justify a rewrite.,"Train in floating point, fold, quantize, then fine-tune for a few epochs."
hardware.html,699,list / possible triad,,Retained: parallel technical items; three items alone are not a defect.,"Warm up in floating point for about a quarter of the budget, fold in place, and train the remainder on the folded and quantized network."
hardware.html,703,hyphenated expression,warm-up,Retained for context: punctuation or technical compound alone does not justify a rewrite.,"The warm-up exists because folding reads batch normalization's running statistics, which need a few epochs of data before they are meaningful. After the fold, each convolution and batch normalization pair is replaced by a single ConvBNFoldQuant module. Its forward pass recomputes the fold from the current running statistics, quantizes the result, and passes the per-channel bias to the neuron through the _fold_bias attribute seen in section 2.6. The statistics themselves keep updating from a separate pass over the raw convolution output, so the fold tracks the data as training continues."
hardware.html,703,hyphenated expression,per-channel,Retained for context: punctuation or technical compound alone does not justify a rewrite.,"The warm-up exists because folding reads batch normalization's running statistics, which need a few epochs of data before they are meaningful. After the fold, each convolution and batch normalization pair is replaced by a single ConvBNFoldQuant module. Its forward pass recomputes the fold from the current running statistics, quantizes the result, and passes the per-channel bias to the neuron through the _fold_bias attribute seen in section 2.6. The statistics themselves keep updating from a separate pass over the raw convolution output, so the fold tracks the data as training continues."
hardware.html,703,list / possible triad,,Retained: parallel technical items; three items alone are not a defect.,"The warm-up exists because folding reads batch normalization's running statistics, which need a few epochs of data before they are meaningful. After the fold, each convolution and batch normalization pair is replaced by a single ConvBNFoldQuant module. Its forward pass recomputes the fold from the current running statistics, quantizes the result, and passes the per-channel bias to the neuron through the _fold_bias attribute seen in section 2.6. The statistics themselves keep updating from a separate pass over the raw convolution output, so the fold tracks the data as training continues."
hardware.html,736,list / possible triad,,Revised: L196,"The distinction changes how the range itself should be read. A ptq boundary costs accuracy that could in principle be recovered. With inline the boundary was a constraint the optimizer already worked within, so widening it restores nothing. What widening does is enlarge the set of solutions the optimizer can reach, which may or may not contain a better one."
hardware.html,745,hyphenated expression,warm-up,Retained for context: punctuation or technical compound alone does not justify a rewrite.,"INTERACTIVE How the epoch budget divides The formula from run_training: warm-up is round(epochs × fraction), clamped so both phases exist."
hardware.html,753,hyphenated expression,warm-up,Retained for context: punctuation or technical compound alone does not justify a rewrite.,warm-up fraction 0.25
hardware.html,756,list / possible triad,,Retained: parallel technical items; three items alone are not a defect.,"floating point, batch normalization active folded and quantized, learning rate halved"
hardware.html,764,hyphenated expression,bias-free,Retained for context: punctuation or technical compound alone does not justify a rewrite.,export_deployed() converts each ConvBNFoldQuant into a plain bias-free convolution holding the final quantized weights and writes the folded bias into per-channel thresholds. What remains is the network the converter consumes. Two functions then inspect it:
hardware.html,764,hyphenated expression,per-channel,Retained for context: punctuation or technical compound alone does not justify a rewrite.,export_deployed() converts each ConvBNFoldQuant into a plain bias-free convolution holding the final quantized weights and writes the folded bias into per-channel thresholds. What remains is the network the converter consumes. Two functions then inspect it:
hardware.html,771,hyphenated expression,quantization-aware,Retained for context: punctuation or technical compound alone does not justify a rewrite.,"deployment_report() checks legality. A folded threshold at or below zero blocks deployment and scores the configuration zero. More than 2% of weights outside the range produces a warning rather than a rejection, since quantization-aware training has already been given the chance to work around the clamp."
hardware.html,772,hyphenated expression,hard-coded,Retained for context: punctuation or technical compound alone does not justify a rewrite.,"hardware_export() writes the integer threshold and integer leak for each spiking layer as JSON. The conversion script previously carried a single hard-coded threshold and leak, which prevented per-layer neuron parameters from being used at all."
hardware.html,772,hyphenated expression,per-layer,Retained for context: punctuation or technical compound alone does not justify a rewrite.,"hardware_export() writes the integer threshold and integer leak for each spiking layer as JSON. The conversion script previously carried a single hard-coded threshold and leak, which prevented per-layer neuron parameters from being used at all."
hardware.html,787,list / possible triad,,Retained: parallel technical items; three items alone are not a defect.,"An incorrect fold lowers accuracy without raising an error, so accuracy alone is a weak test. verify_fold() compares the network before and after folding at three levels, in an order that isolates the cause of a failure."
index.html,20,hyphenated expression,HiAER-Spike,Retained for context: punctuation or technical compound alone does not justify a rewrite.,A configurable SNN built for HiAER-Spike
index.html,21,hyphenated expression,user-specificed,Revised: L129,"This project is a Python program that finds the best performing configuration of a user-specificed spiking neural network under the constraints of HiAER-Spike, a neuromorphic platform. The platform limits how a network may be wired, supports only a narrow set of operations, and works in limited precision. These constraints drastically alter how a network is constructed, trained, and evaluated. The program is built for reuse. The network and the hardware limits are both supplied as configuration, so the user can point it at a new architecture, or raise the limits as HiAER-Spike develops, without rewriting the search. The immediate goal is to find parameters that increase accuracy for a specified network while the long-term goal is an analysis of which parameters are worth focusing on and expanding capabilities in."
index.html,21,hyphenated expression,HiAER-Spike,Revised: L129,"This project is a Python program that finds the best performing configuration of a user-specificed spiking neural network under the constraints of HiAER-Spike, a neuromorphic platform. The platform limits how a network may be wired, supports only a narrow set of operations, and works in limited precision. These constraints drastically alter how a network is constructed, trained, and evaluated. The program is built for reuse. The network and the hardware limits are both supplied as configuration, so the user can point it at a new architecture, or raise the limits as HiAER-Spike develops, without rewriting the search. The immediate goal is to find parameters that increase accuracy for a specified network while the long-term goal is an analysis of which parameters are worth focusing on and expanding capabilities in."
index.html,21,hyphenated expression,HiAER-Spike,Revised: L129,"This project is a Python program that finds the best performing configuration of a user-specificed spiking neural network under the constraints of HiAER-Spike, a neuromorphic platform. The platform limits how a network may be wired, supports only a narrow set of operations, and works in limited precision. These constraints drastically alter how a network is constructed, trained, and evaluated. The program is built for reuse. The network and the hardware limits are both supplied as configuration, so the user can point it at a new architecture, or raise the limits as HiAER-Spike develops, without rewriting the search. The immediate goal is to find parameters that increase accuracy for a specified network while the long-term goal is an analysis of which parameters are worth focusing on and expanding capabilities in."
index.html,21,hyphenated expression,long-term,Revised: L129,"This project is a Python program that finds the best performing configuration of a user-specificed spiking neural network under the constraints of HiAER-Spike, a neuromorphic platform. The platform limits how a network may be wired, supports only a narrow set of operations, and works in limited precision. These constraints drastically alter how a network is constructed, trained, and evaluated. The program is built for reuse. The network and the hardware limits are both supplied as configuration, so the user can point it at a new architecture, or raise the limits as HiAER-Spike develops, without rewriting the search. The immediate goal is to find parameters that increase accuracy for a specified network while the long-term goal is an analysis of which parameters are worth focusing on and expanding capabilities in."
index.html,21,list / possible triad,,Revised: L129,"This project is a Python program that finds the best performing configuration of a user-specificed spiking neural network under the constraints of HiAER-Spike, a neuromorphic platform. The platform limits how a network may be wired, supports only a narrow set of operations, and works in limited precision. These constraints drastically alter how a network is constructed, trained, and evaluated. The program is built for reuse. The network and the hardware limits are both supplied as configuration, so the user can point it at a new architecture, or raise the limits as HiAER-Spike develops, without rewriting the search. The immediate goal is to find parameters that increase accuracy for a specified network while the long-term goal is an analysis of which parameters are worth focusing on and expanding capabilities in."
index.html,31,hyphenated expression,HiAER-Spike,Retained for context: punctuation or technical compound alone does not justify a rewrite.,1.1Introduction to HiAER-Spike
index.html,32,semicolon,;,Retained for context: punctuation or technical compound alone does not justify a rewrite.,"HiAER-Spike is a neuromorphic research platform developed at UC San Diego and programmed through a Python interface called hs_api. It executes networks of spiking neurons directly. A neuron on the chip holds a small state, receives events from other neurons, and emits an event of its own when its state crosses a threshold. These events carry information solely through their spikes; a neuron does/doesn't fire."
index.html,32,hyphenated expression,HiAER-Spike,Retained for context: punctuation or technical compound alone does not justify a rewrite.,"HiAER-Spike is a neuromorphic research platform developed at UC San Diego and programmed through a Python interface called hs_api. It executes networks of spiking neurons directly. A neuron on the chip holds a small state, receives events from other neurons, and emits an event of its own when its state crosses a threshold. These events carry information solely through their spikes; a neuron does/doesn't fire."
index.html,32,list / possible triad,,Retained: parallel technical items; three items alone are not a defect.,"HiAER-Spike is a neuromorphic research platform developed at UC San Diego and programmed through a Python interface called hs_api. It executes networks of spiking neurons directly. A neuron on the chip holds a small state, receives events from other neurons, and emits an event of its own when its state crosses a threshold. These events carry information solely through their spikes; a neuron does/doesn't fire."
index.html,46,hyphenated expression,hardware-executable,Revised: L146,1.2Conversion from a trained model to hardware-executable one
index.html,47,list / possible triad,,Retained: parallel technical items; three items alone are not a defect.,"A network is trained in PyTorch, where a layer is a compact object and every number is a 32-bit float. The platform has neither of these capabilities. This is the job of a converter, supplied as part of hs_api."
index.html,56,list / possible triad,,Revised: L131,"The platform defines networks in terms of indvidual neurons, int16 values, and messages passing between neuron. There are no broader categories such as fully connected and convolutional layers."
index.html,62,hyphenated expression,floating-point,Retained for context: punctuation or technical compound alone does not justify a rewrite.,"Every layer must be expanded into the individual neurons it implies and every connection between them has to be listed explicitly. Additionally, every floating-point number must be mapped onto an int-16."
index.html,70,hyphenated expression,high-precision,Revised: L132,"The converter performs this expansion. However, more relevant to us, our snnsearch/quantgrid.py mirrors its arithmetic exactly, so that a network is trained against the numbers the converter will produce rather than adjusted to them afterwards. This prevents massive losses in accuracy due to conversion and discourages dependence on high-precision weight values for storing information."
index.html,70,list / possible triad,,Revised: L132,"The converter performs this expansion. However, more relevant to us, our snnsearch/quantgrid.py mirrors its arithmetic exactly, so that a network is trained against the numbers the converter will produce rather than adjusted to them afterwards. This prevents massive losses in accuracy due to conversion and discourages dependence on high-precision weight values for storing information."
index.html,79,list / possible triad,,Retained: parallel technical items; three items alone are not a defect.,"The platform holds a table that maps which neuron sends to which other neuron, and with what weight. The converter walks each layer and writes out one neuron for every output position in every channel, then lists that neuron's incoming connections one by one. A single convolution of 32 channels over a 29×29 image with a 7×7 filter becomes 4,608 neurons holding 7.2 million connections between them, from 50,176 trained numbers."
index.html,90,hyphenated expression,fan-in,Retained for context: punctuation or technical compound alone does not justify a rewrite.,fan-in
index.html,91,hyphenated expression,fan-out,Retained for context: punctuation or technical compound alone does not justify a rewrite.,fan-out
index.html,93,list / possible triad,,Revised: L133,"Each of the last three has limit on how large they can be, because each one counts rows in the platform's routing table, and that table is a fixed size. These connection/routing limits directly determine whether or a not a network can be constructed."
index.html,98,hyphenated expression,floating-point,Retained for context: punctuation or technical compound alone does not justify a rewrite.,Mapping floating-point onto int16
index.html,99,list / possible triad,,Revised: L134,"The platform's memory holds 16-bit signed integers, so the values that exist on it discretely range from −32767 to +32767. Weights can possess values awkward values such as 0.7, which needs to be represented by one of such integer values. To do this, the converter defines w_alpha and fixes it at 1. The constant dictates that the largest integer (+32767) represents the value 1.0."
index.html,106,list / possible triad,,Retained: parallel technical items; three items alone are not a defect.,"This brings up the issue of weights beyond 1.0, such as 1.3 which has no integer available to it. The converter replaces it with 1.0. Truncation loses information and must be accounted for. Within the range [-1,1], the spacing between neighboring integers is about 0.00003, so snapping to the nearest available integer has negligible loss of information."
index.html,117,list / possible triad,,Retained: parallel technical items; three items alone are not a defect.,"Once the network is expanded and mapped, the converter feeds the input as spikes for T timesteps, runs a few further timesteps with no input at all, and counts the spikes each output neuron produced. The extra timesteps are there because each layer holds its output back by one step, so the last frame of input needs a moment to reach the far end. Those trailing timesteps are called the flush. The reason behind flushing will be discussed later."
index.html,142,hyphenated expression,fan-in,Retained for context: punctuation or technical compound alone does not justify a rewrite.,neuron fan-in
index.html,146,hyphenated expression,fan-out,Retained for context: punctuation or technical compound alone does not justify a rewrite.,neuron fan-out
index.html,159,hyphenated expression,floating-point,Retained for context: punctuation or technical compound alone does not justify a rewrite.,"The decay constant of a neuron snaps to the nearest integer, which is extremely detrimental to accuracy. While developing this program, statistical analysis showed that tau had the greatest effect on the accuracy during floating-point training."
index.html,163,hyphenated expression,multiply-adds,Retained for context: punctuation or technical compound alone does not justify a rewrite.,"No bias terms are allowed, as the platform only supports multiply-adds with weights and the routing table stores no bias. There is also no batch normalization, which is a layer that rescales each channel using statistics gathered during training."
index.html,163,list / possible triad,,Retained: parallel technical items; three items alone are not a defect.,"No bias terms are allowed, as the platform only supports multiply-adds with weights and the routing table stores no bias. There is also no batch normalization, which is a layer that rescales each channel using statistics gathered during training."
index.html,167,list / possible triad,,Retained: parallel technical items; three items alone are not a defect.,"The neuron fires on the state it carried in from the previous timestep, resets, leaks, and integrates. Each layer therefore delays its output by one timestep."
index.html,180,list / possible triad,,Retained: parallel technical items; three items alone are not a defect.,"Most neural networks in use today are artificial neural networks, or ANNs. A unit in an ANN computes a weighted sum of its inputs, applies a nonlinear function, and passes the resulting number forward. Values are continuous, typically 32-bit floating point, and every unit evaluates on every input."
index.html,186,hyphenated expression,HiAER-Spike,Revised: L137,"A convolutional NN applies the same small filter across an image and stacks layers of these filters. The design suits a GPU, which multiplies large dense matrices quickly. HiAER-Spike cannot run it. Its neurons exchange binary events rather than continuous values, and they do work only where an event arrives, so there is no dense matrix for the hardware to multiply."
index.html,186,list / possible triad,,Revised: L137,"A convolutional NN applies the same small filter across an image and stacks layers of these filters. The design suits a GPU, which multiplies large dense matrices quickly. HiAER-Spike cannot run it. Its neurons exchange binary events rather than continuous values, and they do work only where an event arrives, so there is no dense matrix for the hardware to multiply."
index.html,196,list / possible triad,,Retained: parallel technical items; three items alone are not a defect.,"A spiking neural network, or SNN, replaces the continuous activation with a binary event. Each neuron keeps one number, the membrane potential v, and updates it over a sequence of timesteps."
index.html,206,hyphenated expression,integrate-and-fire,Retained for context: punctuation or technical compound alone does not justify a rewrite.,"This neuron model is called leaky integrate-and-fire, abbreviated LIF, and it is the model HiAER-Spike implements. Its parameters are the leak τ, the threshold θ, and the reset value."
index.html,206,hyphenated expression,HiAER-Spike,Retained for context: punctuation or technical compound alone does not justify a rewrite.,"This neuron model is called leaky integrate-and-fire, abbreviated LIF, and it is the model HiAER-Spike implements. Its parameters are the leak τ, the threshold θ, and the reset value."
index.html,206,list / possible triad,,Retained: parallel technical items; three items alone are not a defect.,"This neuron model is called leaky integrate-and-fire, abbreviated LIF, and it is the model HiAER-Spike implements. Its parameters are the leak τ, the threshold θ, and the reset value."
index.html,211,list / possible triad,,Retained: parallel technical items; three items alone are not a defect.,"The order of those operations is fixed by the hardware, as listed in section 1.3, and it affects when spikes appear. At each timestep the neuron first compares the potential it carried in from the previous timestep against θ, then resets if it fired, then leaks, and only then adds the current input. Input arriving at timestep t therefore cannot produce an output spike before timestep t+1."
index.html,263,hyphenated expression,event-driven,Retained for context: punctuation or technical compound alone does not justify a rewrite.,"INTERACTIVE Operation count, dense against event-driven The left panel shades every input the ANN processes. The right panel shades only the inputs that spiked, which are the only ones the SNN touches. Below the right panel, the v row is the membrane potential tested at the start of each timestep and the out row is the resulting output spike. Lower the input activity to see the operation gap widen."
index.html,263,list / possible triad,,Retained: parallel technical items; three items alone are not a defect.,"INTERACTIVE Operation count, dense against event-driven The left panel shades every input the ANN processes. The right panel shades only the inputs that spiked, which are the only ones the SNN touches. Below the right panel, the v row is the membrane potential tested at the start of each timestep and the out row is the resulting output spike. Lower the input activity to see the operation gap widen."
index.html,278,hyphenated expression,multiply-adds,Retained for context: punctuation or technical compound alone does not justify a rewrite.,6 multiply-adds per timestep
index.html,280,em dash,—,Retained for context: punctuation or technical compound alone does not justify a rewrite.,—
index.html,284,list / possible triad,,Retained: parallel technical items; three items alone are not a defect.,"Reading the output row: the neuron holds a weight of 0.45 per input, a threshold of 1.0 and a leak of 4. Each arriving spike raises the membrane bar, and the bar decays between timesteps. A column turns green once the bar entering that timestep stands above the dashed threshold line, which happens one timestep after the input that pushed it there. The marker drawn on the most recent spike shows that offset."
index.html,302,list / possible triad,,Retained: parallel technical items; three items alone are not a defect.,"The dataset is DVS128 Gesture, published by IBM in 2017. It contains recordings of 29 people performing 11 gestures, including hand waves, arm rotations, air drums and air guitar, under three lighting conditions."
index.html,307,list / possible triad,,Revised: L182,"The recordings come from a dynamic vision sensor, an event camera with a 128×128 array. A conventional camera reports every pixel's brightness on a fixed clock. An event camera has no clock. Each pixel reports on its own, only when its own brightness changes, with increases and decreases arriving on separate channels. That last detail is why the data has two channels rather than three."
index.html,328,list / possible triad,,Retained: parallel technical items; three items alone are not a defect.,"A network for this chip has many free parameters: how many convolution layers, how wide, what kernel size, how the resolution is reduced, how many timesteps, what leak and threshold the neurons use, and how the network is trained. Some combinations exceed the connection limits in section 1.3 and cannot be built. Others fit but lose accuracy when their weights are quantized."
index.html,335,hyphenated expression,floating-point,Retained for context: punctuation or technical compound alone does not justify a rewrite.,"The project searches that space automatically. The requirement is a configuration that satisfies the hardware limits and reaches at least 97.5% validation accuracy, measured on the converted network rather than on the floating-point one."
index.html,344,list / possible triad,,Retained: parallel technical items; three items alone are not a defect.,"A network trained in floating point differs from the network the chip runs in weight precision, threshold precision, leak resolution, neuron update order, and the presence of batch normalization. Each difference changes the output, and none of them appear in a training accuracy figure."
index.html,379,list / possible triad,,Retained: parallel technical items; three items alone are not a defect.,"Architecture, neuron parameters and optimizer settings, sampled conditionally per trial."
index.html,391,list / possible triad,,Retained: parallel technical items; three items alone are not a defect.,"The implementation is a Python package, snnsearch, with one launcher beside it. Modules are layered so the cheap parts stay cheap: the four that describe and check a configuration import no deep learning library at all, so planning and the connection check run on a laptop with nothing installed."
index.html,516,list / possible triad,,Retained: parallel technical items; three items alone are not a defect.,"check reports which packages, which GPU and which dataset files are present, and what each missing one blocks."
index.html,517,list / possible triad,,Retained: parallel technical items; three items alone are not a defect.,"summary prints the architecture table, the counts and the feasibility verdict. It imports no deep learning library, so it is the cheapest way to confirm an install works."
index.html,518,list / possible triad,,Retained: parallel technical items; three items alone are not a defect.,"single trains one configuration, folds it, quantizes it and reports both accuracies with the gap between them."
index.html,560,hyphenated expression,HiAER-Spike,Retained for context: punctuation or technical compound alone does not justify a rewrite.,"The neuron HiAER-Spike implements, built in PyTorch so that training and deployment use the same update rule. Covers the integer leak, the quantized threshold, and how a binary spike is trained through."
index.html,560,list / possible triad,,Retained: parallel technical items; three items alone are not a defect.,"The neuron HiAER-Spike implements, built in PyTorch so that training and deployment use the same update rule. Covers the integer leak, the quantized threshold, and how a binary spike is trained through."
index.html,578,list / possible triad,,Retained: parallel technical items; three items alone are not a defect.,"Event data prepared to fit the axon budget, predictions read from spike counts, and the extra timesteps needed to drain the layer delay. Ends with the schedule that produces the deployed network."
index.html,584,list / possible triad,,Retained: parallel technical items; three items alone are not a defect.,"How hundreds of configurations get evaluated on a fixed budget. Infeasible ones are rejected by arithmetic, weak ones stop early, and selection uses the converted accuracy."
index.html,590,list / possible triad,,Retained: parallel technical items; three items alone are not a defect.,"Every search run on record, the statistics behind each narrowed range recomputed from the raw trial files, and what reached the deployment stage."
index.html,596,list / possible triad,,Retained: parallel technical items; three items alone are not a defect.,"A searchable index of every class and function in the file, grouped by the section it belongs to, with the reason each one exists."
neurons.html,20,hyphenated expression,HiAER-Spike,Retained for context: punctuation or technical compound alone does not justify a rewrite.,"HiAER-Spike fixes the order of its update, the integer leak register, the integer threshold, and the resulting one-timestep delay per layer. This page builds a neuron in PyTorch that matches all four, and covers surrogate gradients and binary spike training."
neurons.html,20,hyphenated expression,one-timestep,Retained for context: punctuation or technical compound alone does not justify a rewrite.,"HiAER-Spike fixes the order of its update, the integer leak register, the integer threshold, and the resulting one-timestep delay per layer. This page builds a neuron in PyTorch that matches all four, and covers surrogate gradients and binary spike training."
neurons.html,20,list / possible triad,,Retained: parallel technical items; three items alone are not a defect.,"HiAER-Spike fixes the order of its update, the integer leak register, the integer threshold, and the resulting one-timestep delay per layer. This page builds a neuron in PyTorch that matches all four, and covers surrogate gradients and binary spike training."
neurons.html,38,semicolon,;,Retained for context: punctuation or technical compound alone does not justify a rewrite.,The leak constant. Each timestep v moves toward rest by v/τ. At τ=2 half the potential remains after one step; at τ=63 about 98.4% remains.
neurons.html,65,list / possible triad,,Retained: parallel technical items; three items alone are not a defect.,"INTERACTIVE The update rule, running Ported from HardwareLIFNode.single_step_forward. Amber marks input events, the pale trace is the membrane potential, and the top band marks output spikes. The firing rate readout counts spikes over the visible window."
neurons.html,142,list / possible triad,,Retained: parallel technical items; three items alone are not a defect.,"HardwareLIFNode implements fire, reset, leak, integrate in that order, with undecayed input. build_neuron returns it on every path and raises NotImplementedError for any other neuron type, so no alternative can be selected by accident."
neurons.html,152,list / possible triad,,Retained: parallel technical items; three items alone are not a defect.,"INTERACTIVE Both neurons, one input train The same input drives the library neuron and the hardware neuron with identical w, τ and θ. Compare the spike positions in each band and the agreement figure below."
neurons.html,173,em dash,—,Retained for context: punctuation or technical compound alone does not justify a rewrite.,—
neurons.html,189,list / possible triad,,Revised: L170,"An earlier study sampled τ as a continuous value between 1.5 and 2.5 and reported a correlation between τ and accuracy. Every value in that interval rounds to 2 on the chip, so all of those configurations deploy as one and the same network. Whatever that correlation measured, the hardware cannot act on it."
neurons.html,198,list / possible triad,,Retained: parallel technical items; three items alone are not a defect.,"τ has to be sampled from integers, and a learned τ has to be rounded inside the forward pass so that the loss responds to the value that will actually deploy. The useful integers are closely spaced at the low end, where consecutive values behave differently, and sparse at the high end, where they do not."
neurons.html,207,list / possible triad,,Retained: parallel technical items; three items alone are not a defect.,"HW_TAU_CHOICES = [2, 3, 4, 6, 8, 16, 32, 63] defines the sampled set. The hw_tau property clamps to the register range and rounds, passing the gradient through unchanged so the parameter remains trainable."
neurons.html,258,hyphenated expression,mid-run,Revised: L199,"The constraint has to be built into the parameterization rather than checked afterwards, so that no optimizer step can produce an illegal threshold. One other thing moves the threshold: folding a batch normalization bias into it, covered in section 4.3. That shifted value is allowed to sit outside the legal range mid-run, as long as it lands inside by the end. Deployment checks therefore read the threshold through their own accessor. A clamp applied for numerical safety during training would otherwise hide the illegal value from the one check that exists to catch it."
neurons.html,269,list / possible triad,,Retained: parallel technical items; three items alone are not a defect.,"The learned value is stored as raw_threshold and read as sigmoid(raw_threshold), which lies in (0, 1) by construction. fake_quantize_threshold then snaps it to the integer grid. Snapping means rounding a continuous value onto the discrete steps the chip allows, here 1/32767, or about 0.0000305. raw_v_threshold() exposes the unclamped value for the deployment report."
neurons.html,393,hyphenated expression,greater-or-equal,Retained for context: punctuation or technical compound alone does not justify a rewrite.,Subtracting W_DELTA before the comparison reproduces the chip's strict inequality using a surrogate that tests for greater-or-equal.
reference.html,20,list / possible triad,,Retained: parallel technical items; three items alone are not a defect.,"An index of the snnsearch package, grouped by module. Each entry gives the signature, what the code does, and the reason it exists. Links point back to the page that covers the surrounding decision."
reference.html,33,hyphenated expression,one-line,Revised: L180,"Nothing matches that. The index covers names, one-line descriptions and the notes inside each entry, so a broader word usually finds it."
reference.html,33,list / possible triad,,Revised: L180,"Nothing matches that. The index covers names, one-line descriptions and the notes inside each entry, so a broader word usually finds it."
results.html,20,hyphenated expression,HiAER-Spike,Revised: L001,"A 400-trial search picked an architecture, five candidates were retrained long and scored once on data nothing had selected against, and the best reached 83.3% test accuracy against the 68.75% the HiAER-Spike paper reports for its best DVS128 model. This page gives that number, the numbers around it, the bug that voided the previous version of this page, and an explicit list of what the data does not support."
results.html,20,list / possible triad,,Revised: L001,"A 400-trial search picked an architecture, five candidates were retrained long and scored once on data nothing had selected against, and the best reached 83.3% test accuracy against the 68.75% the HiAER-Spike paper reports for its best DVS128 model. This page gives that number, the numbers around it, the bug that voided the previous version of this page, and an explicit list of what the data does not support."
results.html,61,list / possible triad,,Revised: L002,"Three sets exist. Training fits the weights. Validation, 176 clips carved at random out of the training set, chooses the epoch and chooses the winning configuration. Test, 288 clips from six people who appear nowhere in training, is evaluated exactly once at the end."
results.html,81,hyphenated expression,run-to-run,Revised: L005,"An earlier search reported 0.8977 validation accuracy. Replaying that configuration produced 0.7500. Two replays agreed with each other and disagreed with the trial from the first epoch, which rules out ordinary run-to-run variation."
results.html,90,list / possible triad,,Revised: L006,"Each trial sampled an input resolution and a frame count, wrote them to the leaderboard, and then built its dataloaders from the config file instead. Every trial trained at 64×64 with 16 frames regardless of what the sampler chose. The winner's record said 32×32 with 8 frames, and the replay honoured the record, so it trained a smaller and weaker network."
results.html,105,semicolon,;,Revised: L216,Both were recorded and discarded; every trial used one value
results.html,107,semicolon,;,Revised: L219,"Checked at 32×32, trained at 64×64; fan-in 9,216 against a limit of 8,159"
results.html,107,hyphenated expression,fan-in,Revised: L219,"Checked at 32×32, trained at 64×64; fan-in 9,216 against a limit of 8,159"
results.html,119,hyphenated expression,weight-clipping,Revised: L009,"The same failure shape appeared three more times while auditing: a scheduler counter that read an absent field as a value and reported zero pruned trials out of 207, a weight-clipping metric that read the tensor after the clamp and could only ever return zero, and a feasibility table that read a blank column as a rejection and reported 100% for every setting of every knob. A field that is missing is not a field that is false."
results.html,119,list / possible triad,,Revised: L009,"The same failure shape appeared three more times while auditing: a scheduler counter that read an absent field as a value and reported zero pruned trials out of 207, a weight-clipping metric that read the tensor after the clamp and could only ever return zero, and a feasibility table that read a blank column as a rejection and reported 100% for every setting of every knob. A field that is missing is not a field that is false."
results.html,131,hyphenated expression,per-layer,Revised: L010,"400 trials over a per-layer space, ranked on the accuracy of the exported INT16 network rather than the floating-point one, with early stopping at epochs 10, 30 and 60."
results.html,131,hyphenated expression,floating-point,Revised: L010,"400 trials over a per-layer space, ranked on the accuracy of the exported INT16 network rather than the floating-point one, with early stopping at epochs 10, 30 and 60."
results.html,131,list / possible triad,,Revised: L010,"400 trials over a per-layer space, ranked on the accuracy of the exported INT16 network rather than the floating-point one, with early stopping at epochs 10, 30 and 60."
results.html,142,list / possible triad,,Revised: L083,"Ran to 60 epochs, converted, and produced a hardware number."
results.html,155,list / possible triad,,Retained: parallel technical items; three items alone are not a defect.,"stride-2, 2×2 average pool, or neither"
results.html,161,list / possible triad,,Retained: parallel technical items; three items alone are not a defect.,"Adam or AdamW, 5e-4 to 5e-3 log, four schedules"
results.html,167,hyphenated expression,Per-layer,Revised: L011,"Per-layer geometry mattered immediately. The winning network uses a 3×3 kernel on the first block and 5×5 on the second, with 81 channels then 56. A space that shares one kernel and one channel count across all layers cannot express that, and the previous search could not."
results.html,167,list / possible triad,,Revised: L011,"Per-layer geometry mattered immediately. The winning network uses a 3×3 kernel on the first block and 5×5 on the second, with 81 channels then 56. A space that shares one kernel and one channel count across all layers cannot express that, and the previous search could not."
results.html,176,hyphenated expression,held-out,Revised: L012,The search ranks on 60-epoch validation. Those five were then retrained for 300 epochs at weight decay 1e-3 and evaluated once on the held-out test set. 107 minutes total.
results.html,225,hyphenated expression,held-out,Revised: L013,The search's first choice is still first after 300 epochs on held-out data.
results.html,243,hyphenated expression,fully-connected,Revised: L018,"Every one of the five is two convolution blocks, 3×3 then 5×5, at 48×48 input with 16 frames, no hidden fully-connected layer, and average pooling on the first block. The only structural difference in the whole set is what happens on the second block."
results.html,243,list / possible triad,,Revised: L018,"Every one of the five is two convolution blocks, 3×3 then 5×5, at 48×48 input with 16 frames, no hidden fully-connected layer, and average pooling on the first block. The only structural difference in the whole set is what happens on the second block."
results.html,257,hyphenated expression,second-block,Revised: L021,"Stride-2 skips positions before the convolution ever computes them, which is why the striding networks are so much cheaper. Average pooling computes every position and then combines them, which preserves evidence and costs arithmetic. The four striding networks land within 1.7 points of each other on test regardless of their channel counts, so the second-block choice is doing the work rather than the width."
results.html,257,list / possible triad,,Revised: L021,"Stride-2 skips positions before the convolution ever computes them, which is why the striding networks are so much cheaper. Average pooling computes every position and then combines them, which preserves evidence and costs arithmetic. The four striding networks land within 1.7 points of each other on test regardless of their channel counts, so the second-block choice is doing the work rather than the width."
results.html,273,list / possible triad,,Revised: L024,"The ratio against dense asks a different question: for this particular architecture, how much does spiking sparsity save compared with running the same shape as a conventional network? Rank 1 scores 0.73× there because pooling keeps a large feature map that fires sparsely. The striding networks are small and dense, so spiking saves them nothing and they land above 1×."
results.html,280,semicolon,;,Revised: L025,"The ratio cannot be compared across architectures, because each row is measured against a different denominator. Rank 1's dense equivalent is 69.0M operations; rank 4's is 12.5M."
results.html,289,list / possible triad,,Revised: L027,"Rank 1 at 0.8333 and 50.1M, or rank 3 at 0.8056 and 20.3M, is a real choice and this project has no stated budget to resolve it with. The pareto objective exists in the search for exactly this and has never been run."
results.html,299,hyphenated expression,single-variable,Revised: L028,"One architecture, rank 1, trained three times for 300 epochs with nothing changed but the weight decay. This is the only controlled single-variable experiment in the project."
results.html,333,hyphenated expression,multiply-accumulates,Revised: L030,"80.1M accumulates against a dense network's 69.0M multiply-accumulates is a ratio of 1.16. An accumulate is cheaper than a multiply-accumulate, so this is not fatal, but an operation-count advantage cannot be claimed while performing 16% more operations."
results.html,333,hyphenated expression,multiply-accumulate,Revised: L030,"80.1M accumulates against a dense network's 69.0M multiply-accumulates is a ratio of 1.16. An accumulate is cheaper than a multiply-accumulate, so this is not fatal, but an operation-count advantage cannot be claimed while performing 16% more operations."
results.html,333,hyphenated expression,operation-count,Revised: L030,"80.1M accumulates against a dense network's 69.0M multiply-accumulates is a ratio of 1.16. An accumulate is cheaper than a multiply-accumulate, so this is not fatal, but an operation-count advantage cannot be claimed while performing 16% more operations."
results.html,333,contrast framing,"not fatal, but",Revised: L030,"80.1M accumulates against a dense network's 69.0M multiply-accumulates is a ratio of 1.16. An accumulate is cheaper than a multiply-accumulate, so this is not fatal, but an operation-count advantage cannot be claimed while performing 16% more operations."
results.html,338,list / possible triad,,Revised: L031,"Raising decay to 1e-3 crosses that line to 0.73× and raises test accuracy at the same time. Nothing in the loss asked for fewer spikes. Smaller weights mean smaller input currents, which means membranes cross threshold less often, so the firing rate falls as a side effect."
results.html,348,list / possible triad,,Revised: L033,"At 1e-2 activity keeps falling and training accuracy collapses to 0.80, taking test down to 0.6840, which lands exactly on the published baseline. The optimum is bracketed on both sides rather than assumed."
results.html,355,list / possible triad,,Revised: L034,"Two independent measurements agree here. This controlled sweep says more decay helps, and the observational analysis over 111 scored trials found weight decay correlated with accuracy at ρ = +0.227, q = 0.036. An experiment and a correlation pointing the same way is worth more than either alone."
results.html,373,list / possible triad,,Revised: L037,"Training accuracy saturates around epoch 80 and validation is flat from there to 300. At the best decay, 216 epochs of the run, 72% of it, bought six tenths of a percentage point."
results.html,377,list / possible triad,,Revised: L038,"Stated as a bound rather than a refutation. 300 epochs is roughly three times past memorization, and the effect is normally reported at a hundred times or more. Testing it properly would need 3,000 epochs, no label smoothing, and no quantization fold partway through to interrupt the dynamics."
results.html,388,hyphenated expression,fan-in,Revised: L040,"Replacing the flatten with global average pooling makes the classifier's fan-in equal to the channel count at any resolution, so its rejection rate is 6% against flatten's 22%. It solves the constraint that keeps high resolution out of the space."
results.html,393,list / possible triad,,Revised: L041,"It also loses. All 30 of its trials died at the first checkpoint. Comparing only trials cut at that same checkpoint, so they have had identical training, GAP sat at 0.296 accuracy against flatten's 0.651 and was climbing more slowly, +0.0043 per epoch against +0.0063. Behind and falling further behind is not a slow starter."
results.html,404,list / possible triad,,Revised: L043,"12 scored trials, p = 0.50. With 12 trials nothing smaller than about three clips is detectable. The sampler drew it 44 times out of 318 rather than the expected 160, having seen it marginally behind at the first checkpoint and moved on."
results.html,418,hyphenated expression,firing-rate,Revised: L045,The firing-rate penalty was penalizing the output layer.
results.html,419,hyphenated expression,cross-entropy,Revised: L046,"The probe hooked every spiking layer including the classifier, whose spike counts divided by T are the prediction that cross-entropy scores. So the penalty was instructing the network to stop answering, and the two objectives fought over the same tensor."
results.html,419,list / possible triad,,Revised: L046,"The probe hooked every spiking layer including the classifier, whose spike counts divided by T are the prediction that cross-entropy scores. So the penalty was instructing the network to stop answering, and the two objectives fought over the same tensor."
results.html,434,hyphenated expression,late-training,Revised: L048,"Computed from 111 scored trials and 1,549 late-training epochs, using permutation tests rather than parametric ones because the sample is small and the distribution is not normal."
results.html,434,list / possible triad,,Revised: L048,"Computed from 111 scored trials and 1,549 late-training epochs, using permutation tests rather than parametric ones because the sample is small and the distribution is not normal."
results.html,447,hyphenated expression,false-discovery-corrected,Revised: L050,"q is the false-discovery-corrected p-value across all thirteen knobs tested together, so it already accounts for testing many at once."
results.html,447,hyphenated expression,p-value,Revised: L050,"q is the false-discovery-corrected p-value across all thirteen knobs tested together, so it already accounts for testing many at once."
results.html,456,hyphenated expression,co-varies,Revised: L100,co-varies with three other knobs
results.html,460,hyphenated expression,co-varies,Revised: L100,co-varies with scheduler
results.html,467,hyphenated expression,q-value,Revised: L066,Why five of those six are weaker than their q-value suggests
results.html,468,list / possible triad,,Revised: L051,"Optuna does not sample randomly. Once it finds a promising region it draws more configurations from it, so the good trials resemble each other and several knobs moved together. In this run scheduler correlates with dropout_rate at −0.57, with tau at +0.46 and with weight_decay at +0.42."
results.html,474,semicolon,;,Revised: L052,"When knobs co-vary, a one-at-a-time test credits each of them with the same shared change. The p-values are real; the attribution is not. Separating them needs an experiment that holds the others fixed, which is what section 7.5 does for weight decay and nothing yet does for the other five."
results.html,474,hyphenated expression,co-vary,Revised: L052,"When knobs co-vary, a one-at-a-time test credits each of them with the same shared change. The p-values are real; the attribution is not. Separating them needs an experiment that holds the others fixed, which is what section 7.5 does for weight decay and nothing yet does for the other five."
results.html,474,hyphenated expression,one-at-a-time,Revised: L052,"When knobs co-vary, a one-at-a-time test credits each of them with the same shared change. The p-values are real; the attribution is not. Separating them needs an experiment that holds the others fixed, which is what section 7.5 does for weight decay and nothing yet does for the other five."
results.html,474,hyphenated expression,p-values,Revised: L052,"When knobs co-vary, a one-at-a-time test credits each of them with the same shared change. The p-values are real; the attribution is not. Separating them needs an experiment that holds the others fixed, which is what section 7.5 does for weight decay and nothing yet does for the other five."
results.html,474,list / possible triad,,Revised: L052,"When knobs co-vary, a one-at-a-time test credits each of them with the same shared change. The p-values are real; the attribution is not. Separating them needs an experiment that holds the others fixed, which is what section 7.5 does for weight decay and nothing yet does for the other five."
results.html,480,semicolon,;,Revised: L053,"A second caution applies to any knob the sampler converged on. Depth was 2 in 93% of trials, the head had no hidden layer in 95%, and 16 frames were used in 93%. Those are not findings about what is best; they are the sampler having stopped exploring. A column that is 93% one value cannot support an effect estimate whatever its q-value says."
results.html,480,hyphenated expression,q-value,Revised: L053,"A second caution applies to any knob the sampler converged on. Depth was 2 in 93% of trials, the head had no hidden layer in 95%, and 16 frames were used in 93%. Those are not findings about what is best; they are the sampler having stopped exploring. A column that is 93% one value cannot support an effect estimate whatever its q-value says."
results.html,480,list / possible triad,,Revised: L053,"A second caution applies to any knob the sampler converged on. Depth was 2 in 93% of trials, the head had no hidden layer in 95%, and 16 frames were used in 93%. Those are not findings about what is best; they are the sampler having stopped exploring. A column that is 93% one value cannot support an effect estimate whatever its q-value says."
results.html,489,list / possible triad,,Revised: L055,"Early stopping cuts trials at epoch 10 based on where they are at epoch 10. Configurations that start slowly and finish well are indistinguishable, at that moment, from configurations that start slowly and stay bad. Comparing only trials cut at that same checkpoint, so every one has had identical training, separates the two:"
results.html,525,hyphenated expression,firing-rate,Retained for context: punctuation or technical compound alone does not justify a rewrite.,Does the firing-rate fix work?
results.html,537,hyphenated expression,pool-pool,Revised: L121,Is pool-pool really better?
results.html,540,hyphenated expression,four-case,Revised: L122,Turns an accidental four-case comparison into a controlled one.
results.html,546,hyphenated expression,accuracy-versus-SynOps,Revised: L123,Locates the accuracy-versus-SynOps frontier instead of three points on it.
results.html,549,hyphenated expression,run-to-run,Retained for context: punctuation or technical compound alone does not justify a rewrite.,How large is run-to-run variation?
results.html,566,hyphenated expression,epoch-to-epoch,Revised: L057,"No configuration has been run twice under identical settings. Every uncertainty quoted here is measured from epoch-to-epoch wobble within a single run, which is a floor on the real uncertainty and probably well below it. Two trials are two separate runs, and training varies run to run by more than a nearly-frozen model's score does."
results.html,566,hyphenated expression,nearly-frozen,Revised: L057,"No configuration has been run twice under identical settings. Every uncertainty quoted here is measured from epoch-to-epoch wobble within a single run, which is a floor on the real uncertainty and probably well below it. Two trials are two separate runs, and training varies run to run by more than a nearly-frozen model's score does."
results.html,566,list / possible triad,,Revised: L057,"No configuration has been run twice under identical settings. Every uncertainty quoted here is measured from epoch-to-epoch wobble within a single run, which is a floor on the real uncertainty and probably well below it. Two trials are two separate runs, and training varies run to run by more than a nearly-frozen model's score does."
search.html,39,list / possible triad,,Retained: parallel technical items; three items alone are not a defect.,"Runs each proposed configuration as a separate process with one CPU and one GPU, collects the metrics each trial reports, and checkpoints the search itself. It runs on one machine or across a cluster."
search.html,42,hyphenated expression,floating-point,Retained for context: punctuation or technical compound alone does not justify a rewrite.,"The search also begins from three known configurations rather than from nothing. Their geometry, two or three layers of 32 channels with kernel 5 or 7 at 64×64 input, came from an earlier study. The comment attached to them notes that their recorded accuracies were measured under the older floating-point objective and will not reproduce, so they serve as starting points for the sampler rather than as claims."
search.html,42,contrast framing,"not reproduce, so they serve as starting points for the sampler rather",Retained for context: punctuation or technical compound alone does not justify a rewrite.,"The search also begins from three known configurations rather than from nothing. Their geometry, two or three layers of 32 channels with kernel 5 or 7 at 64×64 input, came from an earlier study. The comment attached to them notes that their recorded accuracies were measured under the older floating-point objective and will not reproduce, so they serve as starting points for the sampler rather than as claims."
search.html,42,list / possible triad,,Retained: parallel technical items; three items alone are not a defect.,"The search also begins from three known configurations rather than from nothing. Their geometry, two or three layers of 32 channels with kernel 5 or 7 at 64×64 input, came from an earlier study. The comment attached to them notes that their recorded accuracies were measured under the older floating-point objective and will not reproduce, so they serve as starting points for the sampler rather than as claims."
search.html,72,hyphenated expression,floating-point,Retained for context: punctuation or technical compound alone does not justify a rewrite.,"trainable(config) runs three tiers: the feasibility check, then floating-point training that reports each epoch, then the conversion and its measurement. An infeasible configuration reports a score of zero and returns before any GPU work."
search.html,72,list / possible triad,,Retained: parallel technical items; three items alone are not a defect.,"trainable(config) runs three tiers: the feasibility check, then floating-point training that reports each epoch, then the conversion and its measurement. An infeasible configuration reports a score of zero and returns before any GPU work."
search.html,81,semicolon,;,Retained for context: punctuation or technical compound alone does not justify a rewrite.,"Feasibility, microseconds The check from section 4.1. Earlier versions raised an exception when a feature map collapsed; the planner now returns that as data, so the trial records a score instead of crashing."
search.html,82,list / possible triad,,Retained: parallel technical items; three items alone are not a defect.,"Training, minutes to hours The schedule from section 5.6, reporting validation accuracy every epoch. These reports exist to support early stopping and are not the objective."
search.html,83,list / possible triad,,Retained: parallel technical items; three items alone are not a defect.,"Conversion, one measurement Fold, quantize, export and evaluate. A configuration that deployment_report marks undeployable scores zero regardless of its training accuracy."
search.html,93,hyphenated expression,floating-point,Retained for context: punctuation or technical compound alone does not justify a rewrite.,"Early stopping needs a value reported every epoch, which only floating-point training provides. Selection needs the converted accuracy, which exists once per trial. A single metric cannot serve both without comparing quantities that are not alike."
search.html,101,list / possible triad,,Revised: L198,"The two roles need separate keys, and the scheduler and the sampler must be pointed at different ones. The final report of a trial has to be the converted measurement, so that a sampler reading the last report reads the right number."
search.html,109,list / possible triad,,Retained: parallel technical items; three items alone are not a defect.,"ASHA prunes on float_val_accuracy, reported each epoch. Optuna selects on val_accuracy with scope=""last"", and the last report of every trial carries the converted figure. Ray's shared configuration is left without a metric, because the searcher and the scheduler deliberately use different ones."
search.html,126,list / possible triad,,Retained: parallel technical items; three items alone are not a defect.,"The grace period is kept above one for two reasons recorded in the comments. Section 5.5 noted that cosine and onecycle schedules improve late, so judging too early favors configurations with a flat learning rate. Infeasible trials also report once at epoch zero, and a grace period above one keeps them from forming a checkpoint and lowering the bar for everything else."
search.html,134,hyphenated expression,lower-ranked,Retained for context: punctuation or technical compound alone does not justify a rewrite.,"INTERACTIVE Early stopping on a cohort of 24 trials Simulated learning curves, including some that improve late. At each dashed checkpoint the lower-ranked trials stop and their curves gray out."
search.html,149,em dash,—,Retained for context: punctuation or technical compound alone does not justify a rewrite.,—
search.html,150,hyphenated expression,GPU-epochs,Retained for context: punctuation or technical compound alone does not justify a rewrite.,GPU-epochs spent
search.html,150,em dash,—,Retained for context: punctuation or technical compound alone does not justify a rewrite.,—
search.html,153,hyphenated expression,late-improving,Retained for context: punctuation or technical compound alone does not justify a rewrite.,"Setting the grace period to 1 stops the late-improving trials before their schedule has taken effect, which is the behavior the default guards against."
search.html,166,semicolon,;,Retained for context: punctuation or technical compound alone does not justify a rewrite.,"Some parameters exist only for some configurations. A four-layer network has a kernel size for its fourth layer; a two-layer network does not. A flat parameter dictionary would supply a value for that parameter on every trial, including those where it had no effect."
search.html,166,hyphenated expression,four-layer,Retained for context: punctuation or technical compound alone does not justify a rewrite.,"Some parameters exist only for some configurations. A four-layer network has a kernel size for its fourth layer; a two-layer network does not. A flat parameter dictionary would supply a value for that parameter on every trial, including those where it had no effect."
search.html,166,hyphenated expression,two-layer,Retained for context: punctuation or technical compound alone does not justify a rewrite.,"Some parameters exist only for some configurations. A four-layer network has a kernel size for its fourth layer; a two-layer network does not. A flat parameter dictionary would supply a value for that parameter on every trial, including those where it had no effect."
search.html,182,list / possible triad,,Retained: parallel technical items; three items alone are not a defect.,"The space is a function executed per trial, calling trial.suggest_* only for parameters that apply. It is defined as DefineByRunSpace, a class rather than a nested function, because Ray checkpoints the sampler by pickling it and a nested function cannot be pickled. The file pickles the space once at startup to verify this before any GPU time is spent."
search.html,209,em dash,—,Retained for context: punctuation or technical compound alone does not justify a rewrite.,—
search.html,225,hyphenated expression,chi-square,Retained for context: punctuation or technical compound alone does not justify a rewrite.,"Wider layers drove infeasibility (chi-square p=6e-4, Cramér's V=0.59) and never scored better."
search.html,227,hyphenated expression,Kruskal-Wallis,Retained for context: punctuation or technical compound alone does not justify a rewrite.,Shallow networks were favored (Kruskal-Wallis q=0.08). Depth 5 never exceeded 0.77.
search.html,231,semicolon,;,Retained for context: punctuation or technical compound alone does not justify a rewrite.,Positive correlation with accuracy (Spearman q=0.04); the lower end under-converged.
search.html,231,hyphenated expression,under-converged,Retained for context: punctuation or technical compound alone does not justify a rewrite.,Positive correlation with accuracy (Spearman q=0.04); the lower end under-converged.
search.html,237,list / possible triad,,Revised: L176,"Two of these entries are reopenings rather than narrowings. A result that describes a coordinate the hardware cannot represent, or that was measured under an objective now known to be wrong, carries no information about the current objective."
search.html,265,hyphenated expression,Multi-line,Retained for context: punctuation or technical compound alone does not justify a rewrite.,"ResultsWriter appends one line per record and calls fsync, so the file can be followed live. Multi-line files are written to a temporary name and renamed atomically. All writing happens in a single callback in the driver process."
search.html,277,list / possible triad,,Retained: parallel technical items; three items alone are not a defect.,"Epoch, training and validation accuracy, loss, learning rate."
search.html,282,list / possible triad,,Retained: parallel technical items; three items alone are not a defect.,"Configuration, metrics and architecture counts for every trial, including those that never trained."
search.html,286,hyphenated expression,deploy-phase,Retained for context: punctuation or technical compound alone does not justify a rewrite.,"A stopping condition ends the study once a trial reaches the target. It triggers only on a deploy-phase report from a deployable configuration, since an epoch of floating-point training that crosses the target says nothing about the converted network."
search.html,286,hyphenated expression,floating-point,Retained for context: punctuation or technical compound alone does not justify a rewrite.,"A stopping condition ends the study once a trial reaches the target. It triggers only on a deploy-phase report from a deployable configuration, since an epoch of floating-point training that crosses the target says nothing about the converted network."
training.html,31,list / possible triad,,Retained: parallel technical items; three items alone are not a defect.,"Each DVS128 Gesture recording is a list of events of the form (x, y, polarity, timestamp) at microsecond resolution. The SpikingJelly library converts a recording into frames, and the code requests a fixed number of frames per clip."
training.html,44,hyphenated expression,held-out,Retained for context: punctuation or technical compound alone does not justify a rewrite.,"The 15% validation split is drawn after torch.manual_seed(1), so every run and every search trial is scored against the same held-out clips."
training.html,57,hyphenated expression,per-file,Retained for context: punctuation or technical compound alone does not justify a rewrite.,"Suppresses the library's per-file progress output and prints one line every twenty seconds. If the operation fails, the full log is restored."
training.html,71,list / possible triad,,Retained: parallel technical items; three items alone are not a defect.,"A spiking network reads events over T timesteps. An event camera already produces those. A photograph does not, and the step that gives it a time axis is called coding. Which coding is used changes accuracy, latency and energy, so it is a setting rather than an assumption."
training.html,84,semicolon,;,Retained for context: punctuation or technical compound alone does not justify a rewrite.,Each unit fires once; brighter fires earlier.
training.html,98,list / possible triad,,Retained: parallel technical items; three items alone are not a defect.,"A 128×128 sensor with two polarity channels needs 32,768 input axons. The chip provides 16,383. The native resolution cannot be presented at all. Separately, the network's input layer expects spikes, and a rasterized frame holds event counts."
training.html,114,hyphenated expression,non-zero,Retained for context: punctuation or technical compound alone does not justify a rewrite.,"PassthroughEncoder interpolates and then applies > 0, so any non-zero contribution becomes a full spike. Every coding shares the same resize step and differs only in what it emits, so switching between them changes one config field."
training.html,114,list / possible triad,,Retained: parallel technical items; three items alone are not a defect.,"PassthroughEncoder interpolates and then applies > 0, so any non-zero contribution becomes a full spike. Every coding shares the same resize step and differs only in what it emits, so switching between them changes one config field."
training.html,196,hyphenated expression,cross-entropy,Retained for context: punctuation or technical compound alone does not justify a rewrite.,"During training those 11 rates are treated as class scores and passed to a cross-entropy loss, optionally softened by label smoothing. The winning configurations used a smoothing value near 0.15."
training.html,226,list / possible triad,,Retained: parallel technical items; three items alone are not a defect.,"forward_over_time() runs the T input frames and then continues for hardware_flush_steps(net) further timesteps with zero input, accumulating output spikes throughout. The total is divided by T rather than by T plus the flush, so rates stay comparable across depths. This matches what the conversion script measures."
training.html,258,hyphenated expression,six-layer,Retained for context: punctuation or technical compound alone does not justify a rewrite.,Turning the flush off and raising the layer count shows the size of the effect. A six-layer network loses the last six frames of an eight-frame clip.
training.html,258,hyphenated expression,eight-frame,Retained for context: punctuation or technical compound alone does not justify a rewrite.,Turning the flush off and raising the layer count shows the size of the effect. A six-layer network loses the last six frames of an eight-frame clip.
training.html,269,hyphenated expression,Cross-entropy,Retained for context: punctuation or technical compound alone does not justify a rewrite.,Loss Cross-entropy between the rates and the true gesture.
training.html,271,hyphenated expression,per-batch,Retained for context: punctuation or technical compound alone does not justify a rewrite.,"Update Optional gradient clipping, then the optimizer step and any per-batch scheduler step."
training.html,279,list / possible triad,,Retained: parallel technical items; three items alone are not a defect.,"build_optimizer offers Adam, AdamW and SGD. The distinction between the first two matters more here than usual: Adam adds weight decay to the gradient, where it interacts with the adaptive step size, while AdamW applies it separately. Since section 4.3 showed that weight decay controls whether folded weights stay inside the representable range, the search samples different decay ranges for the two optimizers."
training.html,288,hyphenated expression,Warm-up,Retained for context: punctuation or technical compound alone does not justify a rewrite.,"INTERACTIVE Learning rate schedules The shapes build_scheduler produces. Warm-up, when configured, is a linear ramp from 10% of the base rate."
training.html,333,hyphenated expression,warm-up,Retained for context: punctuation or technical compound alone does not justify a rewrite.,warm-up
training.html,338,hyphenated expression,on-grid,Retained for context: punctuation or technical compound alone does not justify a rewrite.,on-grid
training.html,339,hyphenated expression,warm-up,Retained for context: punctuation or technical compound alone does not justify a rewrite.,"The best warm-up weights are reloaded, each convolution and batch normalization pair is fused, and the remaining epochs train on folded and quantized weights at half the learning rate."
training.html,339,list / possible triad,,Retained: parallel technical items; three items alone are not a defect.,"The best warm-up weights are reloaded, each convolution and batch normalization pair is fused, and the remaining epochs train on folded and quantized weights at half the learning rate."
training.html,344,hyphenated expression,batch-norm-free,Retained for context: punctuation or technical compound alone does not justify a rewrite.,"The batch-norm-free INT16 network is frozen, evaluated once, and audited by deployment_report."
training.html,344,list / possible triad,,Retained: parallel technical items; three items alone are not a defect.,"The batch-norm-free INT16 network is frozen, evaluated once, and audited by deployment_report."
training.html,350,hyphenated expression,per-layer,Retained for context: punctuation or technical compound alone does not justify a rewrite.,"In single mode the console prints both accuracies and the gap between them. The checkpoint written to disk holds the trained network, the deployable network, the configuration, the metrics and the per-layer hardware table, so a conversion can proceed without recomputing anything."
training.html,350,list / possible triad,,Retained: parallel technical items; three items alone are not a defect.,"In single mode the console prints both accuracies and the gap between them. The checkpoint written to disk holds the trained network, the deployable network, the configuration, the metrics and the per-layer hardware table, so a conversion can proceed without recomputing anything."
