trial_id,status,val_accuracy,hw_val_accuracy,float_val_accuracy,quant_gap,deployable,weight_clip_frac,min_threshold,feasible,epochs_run,stopped_early,synops_per_sample,neurons,connections,params,depth,channels,kernel_size,stride,downsample_mode,resize_to,T,tau,trainable_tau,trainable_threshold,fc_layers,final_reduction,dropout_rate,norm,tdbn_alpha,optimizer,lr,weight_decay,scheduler,label_smoothing,grad_clip
6344749a,deployed,,,0.0,,False,,,False,0,False,,,,,2,32,7,,pool,64,8,2,True,True,0,flatten,0.11717361399850788,tdbn,1.0379946318225057,adamw,0.0015333347180301448,0.004062496790976005,step,0.01935299566246338,5.0
cc37d57d,deployed,,,0.0,,False,,,False,0,False,,,,,2,64,5,2,stride,64,16,6,True,True,1,flatten,0.2460142710621939,bn,,adamw,0.0006106798961829203,1.412051450816778e-05,onecycle,0.1334918911885624,0.0
ae9fd548,deployed,,,0.0,,False,,,False,0,False,,,,,4,32,7,2,stride,32,16,63,False,False,0,flatten,0.2953004077968512,tdbn,1.0044439865703871,adamw,0.0009907659983632371,0.0010226697134052799,cosine,0.02351919798012081,0.0
09a5f67b,deployed,,,0.0,,False,,,False,0,False,,,,,4,64,7,2,stride,32,8,3,False,False,0,flatten,0.23051903848535102,bn,,adamw,0.000876761967442513,0.0004069753953249789,step,0.02692629776714757,5.0
6ad6da88,pruned_before_deploy,,,0.5909090909090909,,,,,,8,False,,,,,3,32,7,2,stride,64,16,6,True,False,1,flatten,0.29101864987000997,tdbn,0.7990995401333747,adam,0.001214143119525983,3.725688210666361e-05,cosine,0.02191039270790758,5.0
e3feeb98,deployed,,,0.0,,False,,,False,0,False,,,,,2,64,5,2,stride,64,16,8,True,False,1,flatten,0.41846280520219503,tdbn,1.1940592472576146,adamw,0.0005381756163423706,0.0021658522720696422,none,0.1697370698027577,5.0
1fd7be46,pruned_before_deploy,,,0.5681818181818182,,,,,,8,False,,,,,4,64,7,2,stride,64,16,63,True,True,1,flatten,0.4316176584504001,tdbn,1.3895880762291872,adam,0.003290693641059445,0.0006119719862306387,cosine,0.041880582742043454,0.0
a4982510,pruned_before_deploy,,,0.6420454545454546,,,,,,8,False,,,,,2,32,7,,pool,32,16,2,False,True,0,flatten,0.1824285727465598,tdbn,1.6539737254491473,adam,0.0010887367973329697,2.741632431457408e-05,none,0.08026762096771295,5.0
7949be12,pruned_before_deploy,,,0.3806818181818182,,,,,,8,False,,,,,4,32,7,2,stride,64,8,3,False,False,0,flatten,0.3443944208974643,bn,,adamw,0.0008171167132143396,0.00014860535660242825,onecycle,0.193282430383673,5.0
2a6428bc,pruned_before_deploy,,,0.3522727272727273,,,,,,8,False,,,,,4,32,5,,pool,32,16,4,False,True,0,flatten,0.27942242860021427,bn,,adamw,0.0007690539140655618,4.452678665132326e-05,none,0.10569112179512088,1.0
c383bf57,deployed,,,0.0,,False,,,False,0,False,,,,,2,32,7,,pool,64,8,63,True,True,0,flatten,0.42482662125785287,bn,,adam,0.004582181822697552,2.426305184707434e-05,none,0.1942596274741795,1.0
57a01a92,deployed,,,0.0,,False,,,False,0,False,,,,,4,32,7,2,stride,32,8,2,False,True,1,flatten,0.27882537802792373,bn,,adam,0.0006186964664323432,1.2528393050436252e-07,step,0.015719700646539915,5.0
4cd756b8,deployed,,,0.0,,False,,,False,0,False,,,,,2,64,7,2,stride,64,16,8,False,False,0,flatten,0.3803180942552088,bn,,adam,0.0023399361495323877,3.8020291496984265e-06,cosine,0.1168666527501598,5.0
a3971df2,deployed,,,0.0,,False,,,False,0,False,,,,,2,64,5,2,stride,64,8,4,False,False,0,flatten,0.22883976833807823,bn,,adamw,0.0014746528062124285,2.4319780682424948e-05,step,0.16630415646100555,5.0
89526b34,deployed,,,0.0,,False,,,False,0,False,,,,,3,32,7,2,stride,32,8,2,True,False,0,flatten,0.28169336296649167,tdbn,0.7066731509917112,adam,0.0005122805032117674,4.254067329625531e-06,none,0.1460802820187349,5.0
aa2ceb3d,deployed,,,0.0,,False,,,False,0,False,,,,,2,32,7,,pool,64,8,3,True,True,0,flatten,0.42210807793323024,bn,,adamw,0.0008456405240291281,0.0007292577197299626,none,0.15522713102011176,1.0
f8faa640,deployed,,,0.0,,False,,,False,0,False,,,,,2,64,5,,pool,64,8,16,True,False,0,flatten,0.24926117971346698,tdbn,1.6358439281555208,adamw,0.0007600818905007928,0.0009192415903812638,none,0.08809633199234734,5.0
e1609bce,deployed,,,0.0,,False,,,False,0,False,,,,,2,64,5,,pool,64,16,63,True,False,0,flatten,0.22246133674278648,bn,,adam,0.00230409446592802,5.940361894958888e-07,cosine,0.19273903583355306,0.0
8cf6e906,deployed,,,0.0,,False,,,False,0,False,,,,,3,32,7,2,stride,32,16,6,False,True,0,flatten,0.1897827208753463,tdbn,1.6188027813960413,adamw,0.003345581591217399,0.0011653037840847207,onecycle,0.16766806820702537,1.0
5120efdc,pruned_before_deploy,,,0.6477272727272727,,,,,,8,False,,,,,2,32,7,2,stride,64,16,32,True,False,1,flatten,0.4319835301296586,bn,,adam,0.0006345413172008827,0.00016730218343676426,cosine,0.10289434994150096,5.0
d945a0a1,pruned_before_deploy,,,0.5568181818181818,,,,,,8,False,,,,,4,32,5,2,stride,64,8,63,False,True,1,flatten,0.16464056026312163,tdbn,1.6900864909725737,adam,0.0009942763784635792,1.4946632345514495e-06,step,0.17343591755002447,5.0
ae1ad1de,pruned_before_deploy,,,0.3409090909090909,,,,,,8,False,,,,,4,64,7,,pool,32,8,6,True,False,1,flatten,0.2752923772692144,bn,,adamw,0.0032885035226910006,0.006312677758220274,none,0.059815696695311615,0.0
4fbb576e,pruned_before_deploy,,,0.6363636363636364,,,,,,8,False,,,,,4,64,7,2,stride,64,8,32,True,True,1,flatten,0.2053237856230092,tdbn,0.9870832387421455,adamw,0.0009333394205267674,0.00019160588144900715,none,0.009492367126120983,0.0
0971232f,pruned_before_deploy,,,0.5,,,,,,8,False,,,,,2,32,5,2,stride,64,16,32,True,True,0,flatten,0.21157846436805047,tdbn,1.5843019196474186,adam,0.0025305556489266367,5.177765081239878e-06,cosine,0.1466382798498207,1.0
ddaea871,pruned_before_deploy,,,0.48295454545454547,,,,,,8,False,,,,,4,32,5,2,stride,64,8,6,True,False,1,flatten,0.4460856513149023,tdbn,1.4093687548608147,adamw,0.001240893786911354,0.0002169409067720339,cosine,0.0254970372412634,0.0
6cde4aa2,pruned_before_deploy,,,0.6363636363636364,,,,,,8,False,,,,,3,64,5,2,stride,64,16,32,True,False,0,flatten,0.39133499838561614,tdbn,1.133018454894459,adamw,0.000753802679011876,0.0002046743134412945,none,0.10742527510785711,0.0
34f66cf9,pruned_before_deploy,,,0.6477272727272727,,,,,,8,False,,,,,3,32,7,2,stride,64,8,3,False,True,0,flatten,0.31481597076391626,bn,,adam,0.000690268894234798,9.490701980143296e-06,none,0.006515528451256292,1.0
a52e1944,pruned_before_deploy,,,0.5625,,,,,,8,False,,,,,3,64,7,2,stride,64,8,2,False,False,0,flatten,0.39863225654235623,bn,,adam,0.0046868251961370315,4.757641316416909e-05,step,0.16917646560025812,1.0
1e70c307,deployed,,,0.0,,False,,,False,0,False,,,,,3,32,7,2,stride,32,16,3,False,True,1,flatten,0.10062521818689149,bn,,adam,0.00051016776754067,6.174004079942561e-05,onecycle,0.04258374636585205,1.0
05399c25,deployed,,,0.0,,False,,,False,0,False,,,,,3,32,7,2,stride,32,16,3,False,True,1,flatten,0.10402295887478555,bn,,adam,0.0005741796196234601,6.064305876038577e-05,onecycle,0.04671352564276082,1.0
c786d57b,pruned_before_deploy,,,0.6136363636363636,,,,,,8,False,,,,,3,32,5,2,stride,32,8,3,True,True,1,flatten,0.10689112697498106,tdbn,1.9114162470994114,adam,0.0035239328767159984,7.611359444265119e-06,none,0.009538712240833004,0.0
74f0a946,pruned_before_deploy,,,0.5454545454545454,,,,,,8,False,,,,,4,32,5,2,stride,32,16,32,False,True,1,flatten,0.16220110745308497,tdbn,1.3571177760118784,adamw,0.004827658100349368,0.0013200826113587529,none,0.05413258837308648,0.0
c1fa4d8b,pruned_before_deploy,,,0.4602272727272727,,,,,,8,False,,,,,3,64,5,2,stride,32,8,3,True,True,1,flatten,0.37060088241690825,bn,,adam,0.004961367125419128,3.466416870173561e-05,onecycle,0.08943829675469349,5.0
34899f49,pruned_before_deploy,,,0.39204545454545453,,,,,,8,False,,,,,4,64,5,,pool,64,16,4,True,False,0,flatten,0.4257135222160492,bn,,adam,0.0019856125330957935,8.699762563743893e-06,onecycle,0.07459292199031357,5.0
28a17151,pruned_before_deploy,,,0.6420454545454546,,,,,,8,False,,,,,3,32,5,2,stride,64,16,32,False,True,1,flatten,0.10570355196577333,tdbn,0.7234049233607086,adam,0.0011305346231283734,5.5825633177429794e-05,cosine,0.09877108165714667,5.0
31fefbe5,pruned_before_deploy,,,0.4659090909090909,,,,,,8,False,,,,,4,32,5,2,stride,32,16,32,True,False,1,flatten,0.11717667699276405,tdbn,0.543657141580564,adam,0.0011962553342686898,0.00012203208377748996,cosine,0.04934035857050786,0.0
978ce605,pruned_before_deploy,,,0.5795454545454546,,,,,,8,False,,,,,4,32,5,2,stride,64,16,32,False,True,1,flatten,0.10059118529346633,tdbn,0.801481862008539,adam,0.0010641277450179417,0.00011301954325960189,cosine,0.066272643883511,0.0
8258b0f0,pruned_before_deploy,,,0.3352272727272727,,,,,,8,False,,,,,4,32,5,,pool,64,8,2,True,True,1,flatten,0.21797177509029453,bn,,adamw,0.0008503522578720594,1.080748717966634e-05,none,0.05136116692588835,1.0
c83256f1,pruned_before_deploy,,,0.625,,,,,,8,False,,,,,3,32,5,2,stride,64,16,32,False,True,1,flatten,0.11209694068266213,tdbn,0.7990073690934784,adam,0.001146664899420581,4.254895704100183e-05,cosine,0.11173866458228468,5.0
9d2a56e7,pruned_before_deploy,,,0.5852272727272727,,,,,,8,False,,,,,2,32,7,,pool,32,16,6,True,True,1,flatten,0.12831594828352125,tdbn,1.9149241681585916,adamw,0.003017586141916005,8.888071182417895e-05,cosine,0.056169897290396564,0.0
cdf34825,pruned_before_deploy,,,0.3977272727272727,,,,,,8,False,,,,,3,32,7,2,stride,64,16,3,False,True,1,flatten,0.3436887870763198,bn,,adam,0.0013132137903065662,1.3555139425791567e-05,cosine,0.07127961343394787,5.0
a1c7c418,pruned_before_deploy,,,0.48295454545454547,,,,,,8,False,,,,,3,64,7,,pool,64,16,63,True,False,1,flatten,0.3536363308819195,bn,,adam,0.0008707220019425946,0.0002001974148313803,none,0.08500209605120901,1.0
045be978,pruned_before_deploy,,,0.4318181818181818,,,,,,8,False,,,,,3,32,7,2,stride,64,16,4,False,True,1,flatten,0.32618530785359223,bn,,adam,0.0013906466396798186,1.1036006821886398e-05,cosine,0.07431095795838352,5.0
96cbff1c,pruned_before_deploy,,,0.5795454545454546,,,,,,8,False,,,,,3,64,7,2,stride,64,16,32,True,False,1,flatten,0.10377697730349726,tdbn,0.5878533239749089,adamw,0.0012980550917542535,0.0001869900148245138,onecycle,0.004632461727931775,0.0
781a6535,pruned_before_deploy,,,0.4943181818181818,,,,,,8,False,,,,,3,64,7,2,stride,64,16,32,True,False,1,flatten,0.11359093513583929,tdbn,0.5174901510847156,adamw,0.0011671083505887805,0.0002158150430269863,onecycle,0.004074283437800377,0.0
f64d412d,pruned_before_deploy,,,0.5681818181818182,,,,,,8,False,,,,,3,64,7,2,stride,64,16,32,True,True,1,flatten,0.11467101452757789,tdbn,0.6261764254958875,adamw,0.001485149764379399,0.00016985532439872818,onecycle,0.04779135039245952,0.0
c23c727f,pruned_before_deploy,,,0.5113636363636364,,,,,,8,False,,,,,3,32,7,2,stride,64,16,32,False,True,1,flatten,0.33536748648947834,bn,,adam,0.0012180144429687777,1.533914415255475e-05,cosine,0.13021861164887846,5.0
d731b663,pruned_before_deploy,,,0.5227272727272727,,,,,,8,False,,,,,3,32,7,2,stride,64,16,16,False,True,1,flatten,0.33383575409795074,bn,,adam,0.0006876898711759052,1.8255251829398562e-05,cosine,0.12199864782396166,5.0
1e0c59a0,pruned_before_deploy,,,0.4602272727272727,,,,,,8,False,,,,,3,32,7,2,stride,64,16,8,False,True,1,flatten,0.3314193680545859,bn,,adam,0.0006806466323255949,1.3735533047107794e-05,cosine,0.12275049331974956,5.0
5e1e98a6,pruned_before_deploy,,,0.4659090909090909,,,,,,8,False,,,,,3,32,7,2,stride,64,16,16,False,True,1,flatten,0.33264466530391495,bn,,adam,0.0006835325951280074,1.5783277655525736e-05,cosine,0.1114790487866304,5.0
71b2760d,pruned_before_deploy,,,0.44886363636363635,,,,,,8,False,,,,,3,32,7,2,stride,64,16,8,False,True,1,flatten,0.35122833470478654,bn,,adam,0.0006591567848706649,1.3498457929445889e-05,cosine,0.12442362677102674,5.0
967ab7cb,deployed,,,0.0,,False,,,False,0,False,,,,,2,64,5,2,stride,64,8,32,True,False,0,flatten,0.30010265770870204,tdbn,1.0868339311454829,adamw,0.0009642649855730607,0.0003486684951506113,none,0.10034632195790974,0.0
658d1aa4,deployed,,,0.0,,False,,,False,0,False,,,,,2,64,5,2,stride,64,8,32,True,False,0,flatten,0.3005174906194845,tdbn,1.0012808623498461,adamw,0.0009599885636252475,0.00036897899897855716,none,0.02640439622999355,0.0
03c06ebc,pruned_before_deploy,,,0.5227272727272727,,,,,,8,False,,,,,4,64,7,2,stride,64,8,32,True,True,1,flatten,0.33768877648364654,bn,,adam,0.0011192154158410797,0.00013295804327466965,cosine,0.0732933850937875,5.0
59b61d53,pruned_before_deploy,,,0.5795454545454546,,,,,,8,False,,,,,4,64,7,2,stride,64,8,32,True,True,1,flatten,0.33837381704090297,bn,,adam,0.0011013790136274895,0.0001673624338906044,cosine,0.07552263122699084,5.0
5976dc98,pruned_before_deploy,,,0.5397727272727273,,,,,,8,False,,,,,4,64,7,2,stride,64,8,32,True,True,1,flatten,0.34787158001476604,bn,,adam,0.0011020834504747229,0.00016342619212219176,cosine,0.07834861744789531,5.0
c8eaaf2b,deployed,,,0.0,,False,,,False,0,False,,,,,2,64,5,,pool,64,8,4,True,False,0,flatten,0.4089704020230916,tdbn,1.0451875217978852,adamw,0.0005784016562270946,0.0003457858286613479,none,0.034677935445741506,0.0
8cfcac42,pruned_before_deploy,,,0.3806818181818182,,,,,,8,False,,,,,4,32,7,2,stride,64,8,32,True,True,1,flatten,0.33889948529067665,bn,,adamw,0.0010430233198567905,0.0001848921758244516,cosine,0.031833108827802645,0.0
db145664,pruned_before_deploy,,,0.5454545454545454,,,,,,8,False,,,,,4,32,7,2,stride,64,8,32,True,True,1,flatten,0.33538757507328404,bn,,adamw,0.0011004329906005954,0.00016426664963199817,cosine,7.679089888775695e-05,0.0
f43ae5af,deployed,,,0.0,,False,,,False,0,False,,,,,2,64,5,,pool,64,8,4,True,False,0,flatten,0.447271949825259,tdbn,1.0396332382552846,adamw,0.0007767958232960777,0.0003337575132623003,none,0.025534579375693457,1.0
d2edb4b2,pruned_before_deploy,,,0.4772727272727273,,,,,,8,False,,,,,4,32,7,2,stride,64,8,32,True,True,1,flatten,0.3342974524405749,bn,,adamw,0.0010777674179456805,0.00014985053014731663,cosine,0.027818891184696024,0.0
d5781805,deployed,,,0.0,,False,,,False,0,False,,,,,2,64,5,,pool,64,8,6,False,False,0,flatten,0.4484863089378922,tdbn,1.2145716738572434,adamw,0.0016454090273308932,0.0004711580086646553,none,0.10140361876099019,1.0
2c0031ec,pruned_before_deploy,,,0.5170454545454546,,,,,,8,False,,,,,3,32,7,2,stride,64,16,16,False,True,1,flatten,0.33056556468567666,bn,,adam,0.001752836408741493,1.570022113056054e-05,cosine,0.11953290657690516,5.0
fb217eb2,pruned_before_deploy,,,0.5454545454545454,,,,,,8,False,,,,,2,32,7,2,stride,64,8,32,False,True,1,flatten,0.3014915016001302,bn,,adam,0.0017235863842582908,2.003104585618438e-06,none,0.02945042632820445,5.0
458a1fd1,pruned_before_deploy,,,0.7784090909090909,,,,,,24,False,,,,,2,64,7,2,stride,32,16,4,True,True,0,flatten,0.17269906596389026,tdbn,1.8042765168299235,adamw,0.0014052148171010902,0.0008730064198105646,onecycle,0.1074436002906955,1.0
6621e5cc,deployed,0.75,0.75,0.6875,-0.0625,True,0.0,0.050000011920928955,,0,False,9670965.286838429,,,,3,32,5,2,stride,32,16,2,False,False,0,flatten,0.31834293662561924,tdbn,0.9000861511111379,adamw,0.0025111117209219136,1.0008439439320268e-05,none,0.045904897293481045,1.0
07813d03,pruned_before_deploy,,,0.7215909090909091,,,,,,24,False,,,,,3,32,5,2,stride,64,16,32,False,True,1,flatten,0.10491870380270997,tdbn,0.7448909454708564,adam,0.001152263171470765,6.77450246130568e-05,cosine,0.10792025702977273,5.0
843897a2,pruned_before_deploy,,,0.6988636363636364,,,,,,24,False,,,,,3,32,5,2,stride,64,16,32,False,True,1,flatten,0.11021801430770521,tdbn,0.7543098293467714,adam,0.0010988538364776253,4.861150289409896e-05,cosine,0.11222901921977306,5.0
e615f6c2,pruned_before_deploy,,,0.6022727272727273,,,,,,8,False,,,,,3,32,5,2,stride,64,16,63,False,False,0,flatten,0.14416659851885874,tdbn,0.7819619386891321,adam,0.0007644488630695984,2.0493948382632277e-06,step,0.015264260054432752,5.0
1972a387,pruned_before_deploy,,,0.6363636363636364,,,,,,8,False,,,,,3,32,5,2,stride,64,16,63,False,False,0,flatten,0.24389796581065537,tdbn,0.8508171755046332,adam,0.0008033880869406623,7.415439164409969e-05,step,0.10834872087492341,5.0
779b7aea,pruned_before_deploy,,,0.7670454545454546,,,,,,24,False,,,,,2,32,5,2,stride,64,16,6,False,False,0,flatten,0.1477509527181377,tdbn,0.8624134514519839,adam,0.0015773387078823332,3.475411176981945e-05,step,0.1013184378455329,5.0
122d8894,deployed,0.8125,0.8125,0.7102272727272727,-0.10227272727272729,True,0.0,0.050000011920928955,,0,False,37003217.2265625,,,,2,64,5,2,stride,32,8,16,False,False,1,flatten,0.10619117287600165,tdbn,0.9963828702111429,adam,0.001522396930732761,0.0001425616835894642,onecycle,0.05230513317931125,5.0
03e11395,pruned_before_deploy,,,0.7329545454545454,,,,,,24,False,,,,,2,32,7,2,stride,64,8,32,False,True,1,flatten,0.3300728106994817,tdbn,1.1531194575358197,adam,0.0016022176474449357,0.0003027741633299701,none,0.028632188029129313,5.0
b89964e6,pruned_before_deploy,,,0.7329545454545454,,,,,,24,False,,,,,2,32,7,2,stride,64,8,32,False,True,1,flatten,0.3265986666424697,tdbn,0.9960410976675832,adam,0.0006630342919251688,1.8024737751189914e-05,none,0.027871788761125813,5.0
248c7dff,pruned_before_deploy,,,0.7159090909090909,,,,,,24,False,,,,,2,32,7,2,stride,64,8,32,False,True,1,flatten,0.3054946603012617,tdbn,1.0312728499869879,adam,0.0006624681170207167,0.00042732762948055435,none,0.02561068252347399,5.0
7f763dd0,pruned_before_deploy,,,0.6875,,,,,,24,False,,,,,3,32,5,2,stride,64,16,63,False,False,0,flatten,0.13434641277601314,tdbn,0.813117920230666,adam,0.0007740745511843595,2.7150658324241237e-05,step,0.13591873721320305,5.0
027db75d,pruned_before_deploy,,,0.6477272727272727,,,,,,24,False,,,,,3,32,5,2,stride,64,16,2,False,False,0,flatten,0.1410076803419622,tdbn,0.8517787228851258,adam,0.0007638698729787107,2.7437534357799157e-05,step,0.01538959939349531,5.0
70dd5472,pruned_before_deploy,,,0.4715909090909091,,,,,,8,False,,,,,4,64,7,,pool,64,8,16,False,True,1,flatten,0.16025183979719207,tdbn,1.6230118695225544,adam,0.0018113799688218974,3.1116611241577025e-05,none,0.01556746331750658,1.0
5a11a542,pruned_before_deploy,,,0.6818181818181818,,,,,,24,False,,,,,3,32,5,2,stride,64,16,63,False,False,0,flatten,0.1406467572469119,tdbn,0.8475769608592367,adam,0.0007617439178413992,2.287998869105512e-06,none,0.10804323763017795,5.0
d8bd2756,pruned_before_deploy,,,0.6818181818181818,,,,,,24,False,,,,,3,32,5,2,stride,64,16,2,False,False,0,flatten,0.13866134911563827,tdbn,0.8570836432986918,adam,0.0008123674013159038,2.0812394979387053e-06,step,0.1384592466953747,5.0
1c2498d7,deployed,0.8238636363636364,0.8238636363636364,0.7329545454545454,-0.09090909090909094,True,0.0,0.1876969337463379,,0,False,74527591.48169032,,,,2,64,7,2,stride,32,8,2,False,False,0,flatten,0.17881021709956924,bn,,adam,0.0008666123650641318,0.00017239063469481108,step,0.1147098417677041,5.0
ec0562be,pruned_before_deploy,,,0.6875,,,,,,24,False,,,,,3,32,5,2,stride,64,16,63,False,False,0,flatten,0.14042411666024038,tdbn,0.8578089868142282,adam,0.0007575635547630698,2.316802209036029e-06,step,0.10875155316453704,5.0
3c1e2fb1,deployed,0.8068181818181818,0.8068181818181818,0.7102272727272727,-0.09659090909090906,True,0.0,0.2542111277580261,,0,False,74209887.70898438,,,,2,32,5,,pool,32,16,3,True,False,0,flatten,0.2930883847265682,bn,,adamw,0.0017048333762287547,2.3742270993701614e-05,none,0.05460392889106563,1.0
5d16fd16,pruned_before_deploy,,,0.6193181818181818,,,,,,8,False,,,,,2,64,5,2,stride,32,8,6,False,False,0,flatten,0.18794356208023832,tdbn,0.9299002334162049,adam,0.00206487353440377,0.0006317878627786314,onecycle,0.059984585328435015,1.0
4cd51cfc,pruned_before_deploy,,,0.6306818181818182,,,,,,8,False,,,,,2,64,5,2,stride,32,8,6,False,False,0,flatten,0.17786481280782934,tdbn,1.1661555841011757,adamw,0.002019151114980096,0.002252559661157366,onecycle,0.03922696185304097,1.0
5f327f18,pruned_before_deploy,,,0.6420454545454546,,,,,,8,False,,,,,2,64,5,2,stride,32,8,6,False,False,0,flatten,0.19018694741947192,tdbn,0.9155536984674304,adamw,0.0015106761018569613,0.001976097939809858,onecycle,0.06097927334102678,1.0
9776990a,pruned_before_deploy,,,0.6022727272727273,,,,,,8,False,,,,,2,64,5,2,stride,32,8,6,False,False,0,flatten,0.1529345920339439,tdbn,0.9399551669522811,adamw,0.001929610847569566,0.0019966441038514614,onecycle,0.06370208997810176,1.0
4b4eec07,pruned_before_deploy,,,0.5852272727272727,,,,,,8,False,,,,,2,64,5,2,stride,32,8,2,False,False,0,flatten,0.18760999729375322,tdbn,0.9365039044569055,adam,0.0021207511887851613,6.40182945023694e-06,onecycle,0.06077103754000798,1.0
ec9155fe,pruned_before_deploy,,,0.7670454545454546,,,,,,24,False,,,,,2,32,5,2,stride,32,16,6,False,False,0,flatten,0.14642045193240402,tdbn,0.9282251740251743,adam,0.002058358935591006,2.9791904656460163e-05,step,0.13489957471917216,1.0
4cd14d3a,deployed,0.7784090909090909,0.7784090909090909,0.7102272727272727,-0.06818181818181823,True,0.0,0.050000011920928955,,0,False,8888169.319444444,,,,2,32,5,2,stride,32,16,4,False,False,0,flatten,0.1385501786218513,tdbn,0.9282831387049688,adamw,0.003725380592984945,0.004088761751074126,step,0.011332747762153247,1.0
30d5dd28,pruned_before_deploy,,,0.7329545454545454,,,,,,24,False,,,,,4,64,5,2,stride,64,8,32,True,False,0,flatten,0.39869597651651933,tdbn,1.052242084978138,adamw,0.0017191128515041296,0.0005945464338772388,none,0.030959529331102742,0.0
2b3704e8,deployed,0.8181818181818182,0.8181818181818182,0.6818181818181818,-0.13636363636363646,True,0.0,0.19964253902435303,,0,False,11365283.6171875,,,,2,32,5,2,stride,32,16,2,False,False,0,flatten,0.1334548118266452,tdbn,0.8796869048528131,adam,0.0020670921060404537,3.217293246039056e-05,onecycle,0.13617047182794367,1.0
11db5157,pruned_before_deploy,,,0.7215909090909091,,,,,,24,False,,,,,4,64,7,2,stride,64,8,32,True,False,0,flatten,0.40895132293445313,tdbn,1.074607405709488,adamw,0.0005869781818399436,0.00038247076243110554,none,0.02729620071532428,0.0
4e620900,deployed,0.8011363636363636,0.8011363636363636,0.7329545454545454,-0.06818181818181823,True,0.0,0.050000011920928955,,0,False,8944666.088541668,,,,2,32,5,2,stride,32,16,4,False,False,0,flatten,0.13590135214353827,tdbn,0.9013829358737849,adam,0.00376006316592902,2.7984661532462027e-05,step,0.13343077688765853,1.0
0b25209d,deployed,0.8181818181818182,0.8181818181818182,0.7215909090909091,-0.09659090909090917,True,0.0,0.050000011920928955,,0,False,10468989.960069444,,,,2,32,5,2,stride,32,16,2,False,False,0,flatten,0.24864251681664726,tdbn,0.9007681998599121,adam,0.0021781331008966943,2.803939789246051e-05,step,0.1363424409484873,1.0
c54a2591,deployed,0.8125,0.8125,0.6761363636363636,-0.13636363636363635,True,0.0,0.14696383476257324,,0,False,10936324.5234375,,,,2,32,5,2,stride,32,16,2,False,False,0,flatten,0.18612860957093447,tdbn,0.8813321396786059,adam,0.0021436583167797774,2.9779550467049388e-05,onecycle,0.1308840233446305,1.0
fc903610,deployed,0.8125,0.8125,0.7386363636363636,-0.07386363636363635,True,0.0,0.050000011920928955,,0,False,10892641.598090278,,,,2,32,5,2,stride,32,16,2,False,False,0,flatten,0.1361694962451699,tdbn,0.9202974383417307,adam,0.00206047685788032,3.1046545674851943e-05,step,0.1327786454455454,1.0
d32b905f,deployed,0.8068181818181818,0.8068181818181818,0.7215909090909091,-0.08522727272727271,True,0.0,0.18488532304763794,,0,False,10690647.359375,,,,2,32,5,2,stride,32,8,2,False,False,0,flatten,0.13591146097960383,tdbn,0.8815945210532325,adam,0.0020112563305059203,3.5758234656783464e-05,step,0.03803306555009198,1.0
86d9d4ec,deployed,0.8295454545454546,0.8295454545454546,0.7386363636363636,-0.09090909090909094,True,0.0,0.050000011920928955,,0,False,10482116.330729168,,,,2,32,5,2,stride,32,8,2,False,False,0,flatten,0.13450662809204883,tdbn,0.9169001450418781,adam,0.0022340232245911533,2.3163586020662594e-05,step,0.061581586518544756,1.0
de654d62,deployed,0.8238636363636364,0.8238636363636364,0.7102272727272727,-0.11363636363636365,True,0.0,0.050000011920928955,,0,False,10546639.190104168,,,,2,32,5,2,stride,32,8,2,False,False,0,flatten,0.13539977082128107,tdbn,0.9155997716487498,adam,0.0020920184300945144,3.168005078444038e-05,step,0.040774283477218246,1.0
197ea54d,deployed,0.8920454545454546,0.8920454545454546,0.6875,-0.20454545454545459,True,0.0,0.21967774629592896,,0,False,353448030.2597656,,,,2,64,7,,pool,32,8,8,False,False,0,flatten,0.2930800528888514,bn,,adam,0.0012139981139166372,1.2075161959404902e-06,onecycle,0.17554355716434056,5.0
bbfbea59,pruned_before_deploy,,,0.625,,,,,,8,False,,,,,2,32,5,,pool,32,16,4,False,False,0,flatten,0.12580381107952715,tdbn,1.2628669110464625,adamw,0.0026714931746868453,0.009063105780920953,step,0.1506709820813706,1.0
e2839865,deployed,0.8295454545454546,0.8295454545454546,0.7386363636363636,-0.09090909090909094,True,0.0,0.4809988737106323,,0,False,37004615.99045139,,,,2,64,5,2,stride,32,16,4,True,False,0,flatten,0.15925023890206336,tdbn,0.8954088754404436,adamw,0.0007791364042182167,0.002554110237297974,step,0.016194875521613222,1.0
aa2636af,pruned_before_deploy,,,0.17045454545454544,,,,,,8,False,,,,,2,32,5,,pool,32,16,4,False,False,0,flatten,0.12684383832298965,tdbn,1.764951360977988,adamw,0.0040685522998493125,0.008835903598548567,step,0.15514764585730703,1.0
c0e83f45,pruned_before_deploy,,,0.7215909090909091,,,,,,24,False,,,,,4,32,5,,pool,64,8,8,True,True,1,flatten,0.10261027380263803,tdbn,1.460128866669567,adam,0.0016732770765176444,1.2765398664780787e-07,step,0.1309839368095924,5.0
c1bebdc7,pruned_before_deploy,,,0.6306818181818182,,,,,,8,False,,,,,2,32,5,,pool,32,8,2,False,False,0,flatten,0.2810863176193587,bn,,adam,0.0027432560157700492,1.0139147197533162e-07,onecycle,0.15198314002980118,1.0
423832cb,pruned_before_deploy,,,0.5,,,,,,8,False,,,,,2,32,5,,pool,32,16,4,False,False,0,flatten,0.12338896035032476,tdbn,1.9956737931374264,adamw,0.0038725240546876667,0.006620362034337122,step,0.1534151032681596,1.0
22c08248,pruned_before_deploy,,,0.4772727272727273,,,,,,8,False,,,,,2,64,5,,pool,32,8,2,False,False,0,flatten,0.18433320031263611,tdbn,1.1898580024962018,adamw,0.001961081975749462,1.9686751023349742e-05,onecycle,0.06485493685072888,1.0
0761b769,pruned_before_deploy,,,0.23295454545454544,,,,,,8,False,,,,,2,64,7,,pool,32,8,2,False,False,0,flatten,0.2715113679274056,tdbn,1.7909100488223184,adamw,0.0029070105327220733,2.069629896125109e-05,step,0.09303612411069463,1.0
f34d08c3,deployed,0.8068181818181818,0.8068181818181818,0.6761363636363636,-0.13068181818181812,True,0.0,0.1688326597213745,,0,False,35016139.464409724,,,,2,64,5,2,stride,32,8,6,False,False,0,flatten,0.17642978879026142,tdbn,0.9411729231148422,adamw,0.0019566880951196364,0.0017057782929998542,onecycle,0.03972841169333133,1.0
c035d73a,deployed,0.8125,0.8125,0.6818181818181818,-0.13068181818181823,True,0.0,0.348904013633728,,0,False,35979750.86631945,,,,2,64,5,2,stride,32,8,2,False,False,0,flatten,0.18966779921604832,tdbn,0.9434209591194866,adam,0.0020362981861910654,0.0005679105615234148,onecycle,0.09192974811521336,1.0
2726c519,pruned_before_deploy,,,0.6306818181818182,,,,,,8,False,,,,,2,64,5,,pool,32,16,2,False,False,0,flatten,0.27434340886214525,tdbn,1.7836900956042,adamw,0.0028299540645769588,0.00027465309407207004,step,0.09137696471044576,1.0
d8d49c21,pruned_before_deploy,,,0.6136363636363636,,,,,,8,False,,,,,2,64,5,2,stride,32,8,2,False,False,0,flatten,0.16504612684245026,tdbn,0.717565171284232,adam,0.002322943306979358,5.059235914335838e-07,onecycle,0.19017419029947852,1.0
80642353,pruned_before_deploy,,,0.6136363636363636,,,,,,8,False,,,,,2,64,5,2,stride,32,8,2,False,False,0,flatten,0.16288369358558386,tdbn,0.7007377565398933,adam,0.0022949550342899784,8.182644220782919e-05,onecycle,0.18444329322326322,1.0
dd0680e6,pruned_before_deploy,,,0.5113636363636364,,,,,,8,False,,,,,2,64,5,2,stride,32,8,2,False,False,0,flatten,0.20560342533229423,tdbn,0.9843689865081581,adam,0.0023177440108999576,7.81215014046236e-05,onecycle,0.18236940920381237,1.0
c2c8950d,pruned_before_deploy,,,0.6363636363636364,,,,,,8,False,,,,,2,64,5,2,stride,32,8,2,False,False,0,flatten,0.2044128206250373,tdbn,0.6834668106281365,adam,0.002234846883417148,9.908700482464006e-05,onecycle,0.18159479623844393,1.0
44d58752,pruned_before_deploy,,,0.5284090909090909,,,,,,8,False,,,,,2,64,5,2,stride,32,8,2,False,False,0,flatten,0.15823566379130077,tdbn,0.6750602172889575,adam,0.002205489424307504,0.00010406620379871197,onecycle,0.18775357136020637,1.0
133f832d,pruned_before_deploy,,,0.6477272727272727,,,,,,8,False,,,,,2,64,5,2,stride,32,8,2,False,False,0,flatten,0.1682411788665666,tdbn,0.6784105936261694,adam,0.002328452225099681,7.237831098484438e-07,onecycle,0.19312991226494222,1.0
afc0f34a,pruned_before_deploy,,,0.75,,,,,,24,False,,,,,2,32,7,2,stride,64,8,8,False,True,0,flatten,0.28906251663815696,bn,,adam,0.0017839373166155623,0.00045352765966197024,none,0.03049898441481658,5.0
f6cf3708,pruned_before_deploy,,,0.5965909090909091,,,,,,8,False,,,,,2,64,5,2,stride,32,8,2,False,False,0,flatten,0.2109773309348889,tdbn,0.6480225960842836,adam,0.002223637202876952,9.558617590015268e-05,onecycle,0.15994944116657248,1.0
9880b979,pruned_before_deploy,,,0.75,,,,,,24,False,,,,,2,32,7,2,stride,64,16,8,False,True,1,flatten,0.33561385571515306,bn,,adam,0.0014555729913869157,1.58857644304942e-05,cosine,0.1323678324821868,5.0
33adc2fb,pruned_before_deploy,,,0.7670454545454546,,,,,,24,False,,,,,2,32,5,,pool,32,8,2,False,False,0,flatten,0.2770039227367868,bn,,adam,0.0022520893191486247,9.917351915232477e-05,onecycle,0.16076449349622204,1.0
7e8d3ce1,pruned_before_deploy,,,0.7159090909090909,,,,,,24,False,,,,,2,32,7,2,stride,64,16,16,False,True,1,flatten,0.3557284058993514,bn,,adam,0.0015828079443625256,1.5211709220299998e-05,cosine,0.12576735584947552,5.0
0cfdcf45,pruned_before_deploy,,,0.6079545454545454,,,,,,8,False,,,,,2,64,5,2,stride,32,8,8,False,False,0,flatten,0.15584735922518955,tdbn,0.9821632829166944,adam,0.0024870104488880765,9.885374359751014e-05,step,0.16058584744764812,1.0
ff3a4c37,pruned_before_deploy,,,0.7159090909090909,,,,,,24,False,,,,,2,32,7,2,stride,64,16,16,False,True,1,flatten,0.3416465835720175,bn,,adam,0.000652860702794588,1.8072016278170852e-06,cosine,0.12632223513957958,5.0
5ce2c923,pruned_before_deploy,,,0.7102272727272727,,,,,,24,False,,,,,2,32,7,2,stride,64,8,8,False,True,1,flatten,0.3037490734074164,bn,,adam,0.0006674030752494011,0.0004284019427266427,none,0.02654167790984208,5.0
644690ee,pruned_before_deploy,,,0.6988636363636364,,,,,,24,False,,,,,3,64,5,,pool,64,8,63,True,True,0,flatten,0.2509869832626466,tdbn,0.8777091614189921,adamw,0.0017918282823500737,0.0012877192596963342,none,0.18462397892626065,5.0
5503aee6,pruned_before_deploy,,,0.7102272727272727,,,,,,24,False,,,,,2,32,7,2,stride,64,8,8,False,True,1,flatten,0.25650516559498976,bn,,adam,0.0006677726797585771,0.00041837230370634216,none,0.028576029388955773,5.0
bef452fa,pruned_before_deploy,,,0.7329545454545454,,,,,,24,False,,,,,2,32,7,2,stride,64,8,8,False,True,1,flatten,0.3130492900090597,bn,,adam,0.0006349344817001352,0.0003786943911782452,none,0.12735302465784976,5.0
a01c6dcf,pruned_before_deploy,,,0.4318181818181818,,,,,,8,False,,,,,2,64,5,,pool,32,8,2,False,False,0,flatten,0.17087569282368562,tdbn,0.9846903472977996,adam,0.0023209740864411368,0.00010372129661567067,onecycle,0.18385967025262928,1.0
e2d1cef5,pruned_before_deploy,,,0.7215909090909091,,,,,,24,False,,,,,2,32,7,2,stride,64,8,8,False,True,1,flatten,0.3071770557498747,bn,,adam,0.0006141962623908661,0.00046441302726581715,none,0.028201128793694633,5.0
80d6d9ce,pruned_before_deploy,,,0.625,,,,,,8,False,,,,,2,64,5,,pool,32,8,2,False,False,0,flatten,0.17031119926486993,tdbn,0.6584000770112518,adam,0.002230487820406378,9.754323451875373e-05,onecycle,0.19462601130623883,1.0
a6cfaa0a,pruned_before_deploy,,,0.7556818181818182,,,,,,24,False,,,,,2,32,5,,pool,32,16,2,False,False,0,flatten,0.12350893586806777,tdbn,1.7758326627501324,adam,0.0023740580508245777,8.448434124317025e-05,onecycle,0.15696177545165987,1.0
4db83b06,pruned_before_deploy,,,0.7272727272727273,,,,,,24,False,,,,,3,64,5,,pool,64,16,8,False,False,1,flatten,0.18427393331795866,tdbn,1.591639160807035,adamw,0.0005058017911520518,1.7181445816222277e-05,none,0.03528605253813912,1.0
cf4339fa,deployed,0.8465909090909091,0.8465909090909091,0.7215909090909091,-0.125,True,0.0,0.050000011920928955,,0,False,61963435.3359375,,,,2,32,5,,pool,32,8,2,False,False,0,flatten,0.2774298244137318,bn,,adam,0.002509042385264618,9.038810101077043e-05,onecycle,0.15728964584952856,1.0
6234384a,deployed,0.8352272727272727,0.8352272727272727,0.7045454545454546,-0.13068181818181812,True,0.0,0.050000011920928955,,0,False,41564970.32725695,,,,2,64,5,2,stride,32,8,2,False,False,0,flatten,0.2671505168831203,tdbn,0.9807933330252396,adam,0.00225158838387349,9.189605677659936e-07,step,0.19641483510088914,1.0
e3ea4f7a,deployed,0.8409090909090909,0.8409090909090909,0.7386363636363636,-0.10227272727272729,True,0.0,0.050000011920928955,,0,False,27545951.026041668,,,,2,64,5,2,stride,32,8,2,False,False,0,flatten,0.2634432972965577,tdbn,0.6367127343012449,adam,0.0024501065686845973,1.0548829445658e-06,step,0.19507324484662067,1.0
53702e56,deployed,0.8295454545454546,0.8295454545454546,0.6931818181818182,-0.13636363636363635,True,0.0,0.050000011920928955,,0,False,32438594.506944444,,,,2,64,5,2,stride,32,8,2,False,False,0,flatten,0.1667512307350647,tdbn,0.6811160056920376,adam,0.002342453725075596,3.627317510527007e-07,onecycle,0.18589638346481152,1.0
4a17d5a8,deployed,0.8238636363636364,0.8238636363636364,0.7670454545454546,-0.05681818181818177,True,0.0,0.050000011920928955,,0,False,44098349.89453125,,,,2,32,5,,pool,32,16,2,False,False,0,flatten,0.1213596465424491,tdbn,0.6665557642538515,adamw,0.0027798552686395983,0.007806817276033161,step,0.158653195029695,1.0
d2ad582f,deployed,0.8409090909090909,0.8409090909090909,0.7386363636363636,-0.10227272727272729,True,0.0,0.4465146064758301,,0,False,33131889.961805556,,,,2,64,5,2,stride,32,8,8,False,False,0,flatten,0.15549146515671367,tdbn,0.983122863382662,adam,0.002220106468968829,0.00010649552388485908,onecycle,0.1618675285512579,1.0
d33007fc,deployed,0.8238636363636364,0.8238636363636364,0.7215909090909091,-0.10227272727272729,True,0.0,0.2175734043121338,,0,False,29320846.761284724,,,,2,64,5,2,stride,32,8,8,False,False,0,flatten,0.26283975454336655,tdbn,0.9960359689418921,adam,0.0018498486609972672,4.396880769008072e-05,step,0.1596409288803296,1.0
739a4f29,pruned_before_deploy,,,0.75,,,,,,24,False,,,,,2,64,7,,pool,32,8,2,False,False,0,flatten,0.36719589186576396,tdbn,1.308769368180723,adamw,0.00292877786580002,1.9718414935256056e-05,step,0.03739595522908251,1.0
c2b58d81,deployed,0.8522727272727273,0.8522727272727273,0.7897727272727273,-0.0625,True,0.0,0.050000011920928955,,0,False,45255943.076171875,,,,2,32,5,,pool,32,16,2,False,False,0,flatten,0.1259010997761694,tdbn,0.6575559864004719,adam,0.0027736191580018978,2.0894668461858813e-05,step,0.15584105420394218,1.0
a5cfb5d0,deployed,0.8579545454545454,0.8579545454545454,0.7443181818181818,-0.11363636363636365,True,0.0,0.050000011920928955,,0,False,139600008.25390625,,,,2,64,5,,pool,32,8,2,False,False,0,flatten,0.16970933397826832,tdbn,0.697675949542417,adam,0.0022308658211413557,6.155764187076258e-07,onecycle,0.17786391964635143,1.0
f248cae0,pruned_before_deploy,,,0.5738636363636364,,,,,,8,False,,,,,3,64,5,2,stride,64,8,3,True,True,1,flatten,0.270884214702666,bn,,adam,0.0010763519924670065,6.139160825125713e-07,onecycle,0.06275780739044694,1.0
4bdeeddf,pruned_before_deploy,,,0.6363636363636364,,,,,,8,False,,,,,2,32,5,2,stride,64,8,6,False,False,0,flatten,0.26216696224617186,tdbn,1.3569092209128797,adamw,0.0006816767339607185,0.004709227158192211,onecycle,0.09464703395168768,1.0
2eb707a3,pruned_before_deploy,,,0.4318181818181818,,,,,,8,False,,,,,2,32,7,2,stride,32,8,16,False,False,0,flatten,0.3425325126832274,tdbn,1.1674410835002795,adam,0.004758261523342562,0.0001670680867141501,none,0.0720184926307115,0.0
05227677,pruned_before_deploy,,,0.5170454545454546,,,,,,8,False,,,,,4,32,5,2,stride,32,8,32,True,True,1,flatten,0.3077147219927445,tdbn,1.4167674337538196,adam,0.001760134810467597,4.59318201741796e-07,cosine,0.12822652651446162,5.0
af6c5253,deployed,,,0.0,,False,,,False,0,False,,,,,2,64,5,2,stride,64,16,63,False,True,1,flatten,0.2911981228575295,bn,,adamw,0.0005935909682161819,0.0036191114045275503,onecycle,0.15200392347973105,5.0
982b7de3,deployed,,,,0.0,,,False,,,False,0,False,,,,,2,64,7,,pool,64,8,63,False,False,0,flatten,0.1657759599971272,tdbn,0.6121923025065412,adam,0.002786572622476925,7.659892713368018e-06,onecycle,0.0895461861548911,5.0
489afdf4,deployed,,,,0.0,,,False,,,False,0,False,,,,,3,64,7,2,stride,32,8,3,False,True,1,flatten,0.20295042805121596,bn,,adamw,0.000566671714922611,0.00012679245596208816,cosine,0.025134810441751722,0.0
9187f0cb,pruned_before_deploy,,,,0.5,,,,,,,8,False,,,,,3,32,7,2,stride,64,16,4,False,False,1,flatten,0.3818379007473709,tdbn,0.5003600568655941,adam,0.003789646709783436,3.5219365344843565e-07,onecycle,0.14254571582662337,0.0
99648ed8,deployed,,,,0.0,,,False,,,False,0,False,,,,,4,64,7,2,stride,32,8,4,False,False,1,flatten,0.32257485291606997,tdbn,1.7454849030320672,adamw,0.0011065753595502733,9.441466109435344e-05,step,0.12739878575050853,0.0
e19468b8,pruned_before_deploy,,,,0.5227272727272727,,,,,,,8,False,,,,,4,64,5,2,stride,64,16,63,False,False,1,flatten,0.24417590368842312,bn,,adam,0.0006408462696731325,0.0004425789534643969,none,0.05063509135404951,1.0
458ff8df,pruned_before_deploy,,,,0.4772727272727273,,,,,,,8,False,,,,,4,32,5,,pool,64,16,4,True,False,0,flatten,0.25372280741334785,bn,,adam,0.001115887557436177,1.6245144955783707e-07,step,0.14081105827113466,0.0
dba3b08f,pruned_before_deploy,,,,0.6363636363636364,,,,,,,8,False,,,,,2,64,5,,pool,32,16,4,True,False,0,flatten,0.20189233925668099,bn,,adam,0.003922307973095602,8.677925725323804e-05,cosine,0.0030739730588869255,0.0
9a5ca6a9,pruned_before_deploy,,,,0.6079545454545454,,,,,,,8,False,,,,,4,32,5,,pool,64,16,2,True,True,0,flatten,0.29073452717238407,tdbn,1.808268808455089,adamw,0.000977557280632529,0.00021242294901193867,onecycle,0.09955710924581085,0.0
88aace21,pruned_before_deploy,,,,0.6306818181818182,,,,,,,8,False,,,,,2,32,7,2,stride,32,8,6,False,True,1,flatten,0.26973499241008686,tdbn,1.847851051341051,adam,0.0011927971886877178,5.1169913021359245e-06,onecycle,0.10720201863062656,0.0
c12795c2,deployed,0.7613636363636364,0.7613636363636364,0.7613636363636364,0.7159090909090909,0.0,0.045454545454545414,True,0.0,0.526519238948822,,0,False,13049531.625817478,,,,2,32,7,2,stride,32,8,63,True,False,1,flatten,0.33487839037734,tdbn,0.7457015642531926,adamw,0.0009570782820050981,3.535002736268524e-05,step,0.1596966791494519,1.0
ebae4f6a,pruned_before_deploy,,,,0.6420454545454546,,,,,,,8,False,,,,,4,64,7,,pool,64,16,63,True,False,0,flatten,0.32489065705006565,tdbn,1.3356716630516159,adamw,0.0005308584185796872,0.004956112187392293,step,0.0736833147505177,5.0
bfda368b,deployed,,,,0.0,,,False,,,False,0,False,,,,,3,32,7,2,stride,32,8,16,True,True,0,flatten,0.42370939366044413,tdbn,1.1587648523768077,adamw,0.0018468576244934235,0.005434231584543011,step,0.1957168621572339,1.0
752ec7e4,pruned_before_deploy,,,,0.4602272727272727,,,,,,,8,False,,,,,3,32,5,,pool,32,16,16,True,False,1,flatten,0.17066390633037817,bn,,adamw,0.0010220287689854638,1.8813852805402618e-05,onecycle,0.08546309529355085,0.0
374751c2,pruned_before_deploy,,,,0.7272727272727273,,,,,,,24,False,,,,,4,64,5,2,stride,32,8,4,False,True,0,flatten,0.2537973547604665,tdbn,1.0197705633181844,adam,0.0007245049154570184,8.701493299751706e-05,none,0.11220014328008195,1.0
0876842f,deployed,,,,0.0,,,False,,,False,0,False,,,,,2,64,7,,pool,64,8,32,True,False,0,flatten,0.3488425094329249,tdbn,1.1338255389795782,adamw,0.0007195025691931939,0.007999218600019823,step,0.19282230316510118,5.0
ba59ae9e,pruned_before_deploy,,,,0.7159090909090909,,,,,,,24,False,,,,,4,32,5,,pool,64,8,4,False,False,0,flatten,0.13785059698523416,tdbn,0.5098862178150152,adam,0.0026580474913869946,2.7002737425347606e-05,cosine,0.10797973828769275,5.0
7e481f65,pruned_before_deploy,,,,0.625,,,,,,,8,False,,,,,3,32,5,2,stride,32,8,8,False,True,1,flatten,0.12208460630523349,tdbn,0.8096740405811274,adam,0.0017236645088701404,2.3570179899121614e-05,none,0.16676866253976858,1.0
4744328d,pruned_before_deploy,,,,0.6363636363636364,,,,,,,8,False,,,,,3,32,7,,pool,32,16,32,True,False,1,flatten,0.3574260769237131,tdbn,1.1126424918102051,adamw,0.0007299097784976587,0.006963676192396638,step,0.19042557375816388,5.0
dbcd25ca,pruned_before_deploy,,,,0.4034090909090909,,,,,,,8,False,,,,,2,64,5,,pool,32,16,4,False,False,0,flatten,0.3850088426489362,tdbn,1.8801346973400763,adamw,0.0013338991664461708,1.8197866892447745e-05,none,0.13959147887455478,0.0
3ffc9c2f,pruned_before_deploy,,,,0.6136363636363636,,,,,,,8,False,,,,,4,64,5,,pool,32,8,16,False,True,0,flatten,0.1482184883577853,tdbn,0.6245005524383458,adam,0.0008626730099319336,9.846923156117636e-05,none,0.19044380368319114,0.0
ea44e235,pruned_before_deploy,,,,0.6363636363636364,,,,,,,8,False,,,,,3,64,5,2,stride,32,8,8,False,True,1,flatten,0.43594757208554086,tdbn,0.8603920667262988,adamw,0.0015777016797118737,0.000944583862719216,none,0.1673042889550976,1.0
30c27025,pruned_before_deploy,,,,0.7329545454545454,,,,,,,24,False,,,,,2,64,5,2,stride,32,8,2,False,True,1,flatten,0.4141999931877445,tdbn,0.8596642708234619,adamw,0.0015147531412976632,0.0005454035992315327,none,0.1640615315474286,1.0
a3ad22f6,deployed,0.8125,0.8125,0.8125,0.7556818181818182,0.0,0.05681818181818177,True,0.0,0.6137492656707764,,0,False,36815947.61631945,,,,2,64,5,2,stride,32,8,8,False,True,0,flatten,0.11473216359597341,tdbn,0.9452595328374586,adam,0.0007875709087552086,2.4864966024528912e-05,none,0.17968678799921506,1.0
e79fde9b,pruned_before_deploy,,,,0.7045454545454546,,,,,,,24,False,,,,,3,32,7,,pool,32,8,63,True,False,0,flatten,0.44458517092438454,tdbn,1.1162746517169504,adamw,0.0005005209553821602,0.005705698351990785,step,0.19947581668611578,1.0
a95fe079,pruned_before_deploy,,,,0.7102272727272727,,,,,,,24,False,,,,,3,64,7,,pool,32,16,2,False,False,1,flatten,0.38640649652576886,tdbn,0.894847385329608,adamw,0.0008445933750947187,0.0063217574523446425,onecycle,0.036918174463256674,0.0
a15240c7,pruned_before_deploy,,,,0.6988636363636364,,,,,,,24,False,,,,,3,32,5,2,stride,32,8,3,True,True,1,flatten,0.432709597532122,tdbn,0.8650710268684905,adam,0.0014693016624448363,4.799961505889807e-06,none,0.16924722189580665,1.0
5c63d942,pruned_before_deploy,,,,0.6477272727272727,,,,,,,8,False,,,,,2,64,5,2,stride,32,8,2,False,True,1,flatten,0.41049672091251277,tdbn,0.8651823253093092,adamw,0.0008429479490044496,0.0015484121895821864,none,0.1636084986272241,1.0
f0a11d18,pruned_before_deploy,,,,0.7045454545454546,,,,,,,24,False,,,,,3,64,5,2,stride,32,8,2,True,True,1,flatten,0.4221976884073651,tdbn,0.7782193372256407,adam,0.0008326924812302614,1.7367424580219647e-06,none,0.16607141629994282,1.0
c18cede0,pruned_before_deploy,,,,0.7045454545454546,,,,,,,24,False,,,,,3,64,5,2,stride,64,8,32,False,True,0,flatten,0.30195776634213256,bn,,adamw,0.0005153421973237612,0.0006339689468767963,cosine,0.11531060899971579,0.0
7a59d72d,pruned_before_deploy,,,,0.6477272727272727,,,,,,,8,False,,,,,2,64,5,2,stride,32,8,8,False,True,1,flatten,0.4098404590731488,tdbn,0.7150248697147419,adamw,0.0021315040782584134,0.0018644874112127227,none,0.1698940769652719,1.0
51589e6a,pruned_before_deploy,,,,0.6306818181818182,,,,,,,8,False,,,,,2,64,5,2,stride,32,8,8,False,True,1,flatten,0.11026009926848465,bn,,adamw,0.0023344688190442076,4.613968527668353e-05,none,0.17873284614922974,1.0
3d3b36e5,pruned_before_deploy,,,,0.7215909090909091,,,,,,,24,False,,,,,4,32,5,2,stride,64,8,6,False,True,0,flatten,0.21608019655058752,tdbn,0.8439461682513487,adam,0.002430567606142676,2.94929530730169e-06,cosine,0.11968138422296548,1.0
97722a8e,pruned_before_deploy,,,,0.6477272727272727,,,,,,,8,False,,,,,2,64,7,2,stride,32,8,8,False,True,1,flatten,0.2165793747225705,tdbn,1.3534914054330147,adamw,0.0013797456726048268,4.22267135642449e-05,none,0.14617232268252062,1.0
673240b1,deployed,0.7613636363636364,0.7613636363636364,0.7613636363636364,0.6761363636363636,0.0,0.08522727272727271,True,0.0,0.049996137619018555,,0,False,33154907.00434028,,,,2,64,5,2,stride,32,8,2,True,True,1,flatten,0.44939953826431933,tdbn,0.8876463755387232,adamw,0.0014654760038862195,0.0008240500526852508,none,0.15899144966035444,1.0
64ee24d5,pruned_before_deploy,,,,0.7215909090909091,,,,,,,24,False,,,,,2,64,5,2,stride,32,8,2,False,True,1,flatten,0.39524481784922444,tdbn,0.7957138407437137,adamw,0.002110660248860373,0.0018651115600827864,none,0.1662218336818826,1.0
125e6a4b,pruned_before_deploy,,,,0.7215909090909091,,,,,,,24,False,,,,,2,64,5,2,stride,32,8,2,True,True,1,flatten,0.40599971407097807,tdbn,0.8615174537879486,adamw,0.0022802593787782347,0.0018955142282313698,none,0.16403744123317165,1.0
3441bb74,deployed,0.8295454545454546,0.8295454545454546,0.8295454545454546,0.7386363636363636,0.0,0.09090909090909094,True,0.0,0.6024253368377686,,0,False,38827060.356770836,,,,2,64,5,2,stride,32,8,6,False,True,0,flatten,0.36351263169380127,tdbn,0.9991864888502573,adam,0.0007008150078193585,4.809791780711448e-05,none,0.15338080749948185,1.0
bd109c61,pruned_before_deploy,,,,0.7329545454545454,,,,,,,24,False,,,,,2,64,5,2,stride,32,8,2,True,True,1,flatten,0.3726531544876067,tdbn,1.0463626959576176,adamw,0.0012402845341216442,0.0003863279815056308,none,0.15359226738622256,1.0
c5a4b336,pruned_before_deploy,,,,0.7329545454545454,,,,,,,24,False,,,,,2,64,5,2,stride,32,8,2,True,True,1,flatten,0.3708891877977716,tdbn,0.9815920131780264,adamw,0.00125509816180208,0.00037620929434116956,step,0.15176529459665974,1.0
66963857,deployed,0.8522727272727273,0.8522727272727273,0.8522727272727273,0.6988636363636364,0.0,0.15340909090909094,True,0.0,0.049996137619018555,,0,False,70502700.29638265,,,,2,64,7,2,stride,32,8,6,False,True,1,flatten,0.10360164404411605,tdbn,1.4306186852334255,adamw,0.0013094743337230183,4.180085562155943e-05,none,0.15211227808065822,1.0
8c71aa17,deployed,0.8125,0.8125,0.8125,0.7272727272727273,0.0,0.08522727272727271,True,0.0,0.31506651639938354,,0,False,41162434.551215276,,,,2,64,5,2,stride,32,8,2,False,True,0,flatten,0.29011438877884227,tdbn,1.004908674827814,adam,0.0006837806345824149,0.00022036185441113562,none,0.155216068861155,1.0
28c0729e,deployed,0.7840909090909091,0.7840909090909091,0.7840909090909091,0.7272727272727273,0.0,0.05681818181818177,True,0.0,0.39779943227767944,,0,False,39087944.56423611,,,,2,64,5,2,stride,32,8,2,False,True,0,flatten,0.3595009679505222,tdbn,0.9804762395870129,adam,0.0006227457694286628,0.00022919065938525315,none,0.1553574521636541,1.0
fda280b3,pruned_before_deploy,,,,0.6477272727272727,,,,,,,8,False,,,,,2,32,7,2,stride,32,8,6,True,True,0,flatten,0.3416134289050278,bn,,adam,0.004725152857727328,1.3333717899850412e-05,step,0.1341208729045077,1.0
8d47ff45,pruned_before_deploy,,,,0.6647727272727273,,,,,,,8,False,,,,,2,64,5,2,stride,32,8,2,True,True,1,flatten,0.35503566905845896,tdbn,0.9906351533919967,adamw,0.000993550031072527,0.0003065256702771535,step,0.15315810383290307,1.0
0d636e90,pruned_before_deploy,,,,0.6590909090909091,,,,,,,8,False,,,,,2,64,5,2,stride,32,8,6,False,True,0,flatten,0.3027822553837741,tdbn,1.2771503077640982,adam,0.000609113546713286,0.0001529798353053272,none,0.13213454052641646,1.0
b5bbc206,pruned_before_deploy,,,,0.6193181818181818,,,,,,,8,False,,,,,2,64,5,2,stride,32,8,6,False,True,0,flatten,0.2961858332807521,tdbn,1.2915714624664325,adam,0.0006052629736758703,0.00019402773111395124,none,0.18258178963574528,5.0
0f0106ec,deployed,,,,0.0,,,False,,,False,0,False,,,,,2,64,5,2,stride,64,8,6,False,True,0,flatten,0.1042705932522471,tdbn,1.2464127793269384,adam,0.0006343923675613655,6.138547901778174e-05,cosine,0.17934364365216837,5.0
12194612,deployed,,,,0.0,,,False,,,False,0,False,,,,,2,64,7,2,stride,64,8,6,False,True,0,flatten,0.10220939616465853,bn,,adam,0.0006704019426016461,6.0605436292123076e-05,cosine,0.17962773344266458,1.0
2d3e8f1a,pruned_before_deploy,,,,0.7443181818181818,,,,,,,24,False,,,,,2,64,5,2,stride,32,8,8,False,True,1,flatten,0.10519210945644941,bn,,adamw,0.002180215135928151,5.090768139485192e-05,none,0.15177443810468658,1.0
ea74f881,pruned_before_deploy,,,,0.7272727272727273,,,,,,,24,False,,,,,2,32,7,2,stride,32,8,6,True,False,0,flatten,0.32969771849522145,bn,,adam,0.0005971922389703904,4.506517070489243e-05,cosine,0.13408325519693973,5.0
15c554d4,pruned_before_deploy,,,,0.7386363636363636,,,,,,,24,False,,,,,2,32,7,2,stride,32,8,6,True,False,0,flatten,0.3354703808082595,bn,,adam,0.0006127464468744133,1.1419816512814586e-05,cosine,0.13093900686293067,5.0
7f0bcc4c,pruned_before_deploy,,,,0.6590909090909091,,,,,,,8,False,,,,,2,64,5,2,stride,32,8,6,False,True,0,flatten,0.10162903272364264,tdbn,1.2889352333436608,adam,0.000572841963534541,0.00018720656538193296,none,0.17743189935870238,5.0
73026bb2,pruned_before_deploy,,,,0.6420454545454546,,,,,,,8,False,,,,,2,64,7,2,stride,32,16,3,False,True,0,flatten,0.1415561434473222,tdbn,1.5250079853058087,adam,0.0005528084395132396,1.132032433403851e-05,onecycle,0.1265912613690447,1.0
fa8154f9,pruned_before_deploy,,,,0.5738636363636364,,,,,,,8,False,,,,,2,64,5,2,stride,32,16,32,False,True,0,flatten,0.14803645536833204,tdbn,1.457390535970283,adam,0.000538253758754124,8.788047079454103e-06,onecycle,0.12531088787517874,1.0
104b50b2,pruned_before_deploy,,,,0.5681818181818182,,,,,,,8,False,,,,,2,64,7,2,stride,32,16,63,False,False,0,flatten,0.15711292783012762,tdbn,1.6789039441381983,adam,0.0009008737495361486,3.385528567099376e-05,onecycle,0.14579521366560677,1.0
faa02c67,pruned_before_deploy,,,,0.6420454545454546,,,,,,,8,False,,,,,2,64,7,2,stride,32,16,63,False,False,0,flatten,0.3113544108461893,tdbn,1.460837271901033,adam,0.000914276489584936,0.0001032594667895894,onecycle,0.14388898418680213,1.0
fb5cf0f3,pruned_before_deploy,,,,0.6022727272727273,,,,,,,8,False,,,,,2,64,7,2,stride,32,8,63,False,False,0,flatten,0.3113139727833052,tdbn,1.4896337572614078,adam,0.0009091626065125407,2.922621212389059e-05,none,0.1411458325876171,1.0
f5e4183a,pruned_before_deploy,,,,0.6590909090909091,,,,,,,8,False,,,,,2,64,7,2,stride,32,8,63,False,False,0,flatten,0.2698853948351665,tdbn,0.6576204819531613,adam,0.0007631005319905228,2.8029043552100445e-05,none,0.1568929896099635,1.0
912a38b3,deployed,0.8409090909090909,0.8409090909090909,0.8409090909090909,0.7102272727272727,0.0,0.13068181818181823,True,0.0,0.390813410282135,,0,False,74363023.1154968,,,,2,64,7,2,stride,32,8,6,False,True,0,flatten,0.3068256016863723,tdbn,1.2768829585657746,adam,0.0005866756774828747,4.125219302473232e-05,cosine,0.13243249404434712,1.0
f9ae26c4,deployed,,,,0.0,,,False,,,False,0,False,,,,,2,32,7,,pool,64,8,16,False,True,0,flatten,0.12559554592410913,tdbn,0.5448885520972129,adam,0.0011127639784613416,1.4116151102260443e-07,step,0.1848050534947669,0.0
cf543091,deployed,0.8522727272727273,0.8522727272727273,0.8522727272727273,0.6988636363636364,0.0,0.15340909090909094,True,0.0,0.23731911182403564,,0,False,74885980.13496767,,,,2,64,7,2,stride,32,8,6,False,True,0,flatten,0.32711069512981095,tdbn,1.279828082490122,adam,0.0006077193153313729,1.1916250377387421e-05,cosine,0.1350541548017954,1.0
33818d9b,deployed,,,,0.0,,,False,,,False,0,False,,,,,2,64,5,,pool,64,8,16,False,True,0,flatten,0.18013563777217756,tdbn,0.9501756800233137,adam,0.0006812998317439718,7.409720316318587e-05,cosine,0.06138821464270354,1.0
70501838,pruned_before_deploy,,,,0.5852272727272727,,,,,,,8,False,,,,,2,64,7,2,stride,32,8,63,False,False,0,flatten,0.3167664792687911,tdbn,1.9887717243004355,adam,0.0007677062572208058,2.8381850993301087e-05,none,0.14208784780202968,1.0
eb5972ab,pruned_before_deploy,,,,0.6647727272727273,,,,,,,8,False,,,,,2,32,7,2,stride,64,8,16,False,True,0,flatten,0.2782220878910715,tdbn,0.6129277081721876,adam,0.0007727344147322334,2.047749106832092e-05,none,0.18643472209342532,1.0
06b7bf35,pruned_before_deploy,,,,0.5738636363636364,,,,,,,8,False,,,,,2,64,7,2,stride,32,8,63,False,False,0,flatten,0.28104598058548136,tdbn,0.6685162376384809,adam,0.0007766246109710465,3.069145421548987e-05,none,0.18716098486208133,1.0
f8cdf8e4,pruned_before_deploy,,,,0.6022727272727273,,,,,,,8,False,,,,,2,64,7,2,stride,32,8,6,False,True,0,flatten,0.28049826370028635,tdbn,1.6048207831915116,adam,0.000781769878439794,1.857832360570643e-05,cosine,0.1172994118151409,1.0
da370fe0,pruned_before_deploy,,,,0.6534090909090909,,,,,,,8,False,,,,,2,64,7,2,stride,32,8,6,False,True,0,flatten,0.28283281998664134,tdbn,1.1853567276984471,adam,0.0007843616242716587,2.2532129897969995e-05,cosine,0.09870196870493916,1.0
81600870,deployed,0.8409090909090909,0.8409090909090909,0.8409090909090909,0.6761363636363636,0.0,0.1647727272727273,True,0.0,0.0499919056892395,,0,False,92242559.33401455,,,,2,64,7,2,stride,32,16,3,False,True,0,flatten,0.13964068560975135,tdbn,1.4905933245045329,adam,0.0007808801904262382,2.8389916833728947e-05,onecycle,0.1267855430153034,1.0
4720f842,pruned_before_deploy,,,,0.6420454545454546,,,,,,,8,False,,,,,2,64,5,2,stride,32,8,6,False,True,0,flatten,0.24747097421406616,tdbn,1.1969000067645086,adam,0.0005083230285007855,6.135193514391492e-06,cosine,0.10529671098457674,1.0
9b78415b,pruned_before_deploy,,,,0.6420454545454546,,,,,,,8,False,,,,,2,64,5,2,stride,32,8,6,False,True,0,flatten,0.3693187070491436,tdbn,1.3859711429151214,adam,0.0005157335840068307,4.88058950373005e-06,cosine,0.10765512152114834,1.0
b1a8b599,pruned_before_deploy,,,,0.6420454545454546,,,,,,,8,False,,,,,2,64,7,2,stride,32,16,3,False,True,0,flatten,0.13083201200753522,tdbn,1.4023302652821827,adam,0.0006815671555888531,1.500739962100429e-05,onecycle,0.1099664797094873,0.0
1c4842e8,pruned_before_deploy,,,,0.6193181818181818,,,,,,,8,False,,,,,2,64,7,2,stride,32,16,3,False,True,0,flatten,0.11768406430499302,tdbn,1.0490275519692123,adam,0.0029935433586752726,1.4403001757773444e-05,onecycle,0.11212596920655393,0.0
ad9456b5,deployed,0.8352272727272727,0.8352272727272727,0.8352272727272727,0.6818181818181818,0.0,0.15340909090909094,True,0.0,0.17803597450256348,,0,False,31749984.885416668,,,,2,64,5,2,stride,32,8,8,False,True,1,flatten,0.10099271040384439,bn,,adamw,0.0021157117553931917,0.001837723940332045,none,0.16425469586102404,1.0
b3c9a9a2,deployed,0.8465909090909091,0.8465909090909091,0.8465909090909091,0.6761363636363636,0.0,0.17045454545454541,True,0.0,0.04998898506164551,,0,False,73817613.74338584,,,,2,64,7,2,stride,32,8,6,False,True,0,flatten,0.271949895532523,tdbn,1.3850967635728968,adam,0.0007809538038074812,1.4911240625310523e-05,cosine,0.09531133110572618,1.0
ed19c56f,deployed,0.8352272727272727,0.8352272727272727,0.8352272727272727,0.7272727272727273,0.0,0.10795454545454541,True,0.0,0.3589194416999817,,0,False,67215586.77668883,,,,2,64,7,2,stride,32,8,6,False,True,0,flatten,0.2875720814509813,tdbn,1.1916641237342709,adam,0.0007830944590204406,1.8632433206050998e-05,cosine,0.10355277806898588,1.0
1402d785,deployed,0.8522727272727273,0.8522727272727273,0.8522727272727273,0.7045454545454546,0.0,0.1477272727272727,True,0.0,0.37176984548568726,,0,False,68887537.7927876,,,,2,64,7,2,stride,32,8,6,False,True,0,flatten,0.34550969814850413,tdbn,1.2106035765690701,adam,0.0006792416086613052,1.5574354784723383e-05,cosine,0.10073146843765166,1.0
383fae04,pruned_before_deploy,,,,0.6477272727272727,,,,,,,8,False,,,,,2,64,7,2,stride,32,16,8,False,True,0,flatten,0.11626264505952376,bn,,adam,0.00189290866899681,0.00012439225388107046,cosine,0.13804868976551443,1.0
10e1fd2f,deployed,0.8636363636363636,0.8636363636363636,0.8636363636363636,0.7102272727272727,0.0,0.15340909090909094,True,0.0,0.3912283778190613,,0,False,67828178.33862217,,,,2,64,7,2,stride,32,8,6,False,True,0,flatten,0.24353278899011416,tdbn,1.06436621563459,adam,0.000508097852349238,1.5534201182067903e-05,cosine,0.0980463707316124,1.0
43a1e067,pruned_before_deploy,,,,0.6590909090909091,,,,,,,8,False,,,,,2,64,7,2,stride,32,16,8,False,True,0,flatten,0.11581762131313562,bn,,adam,0.0031534915440259597,2.9791370522289603e-06,cosine,0.07350756290994387,1.0
9bad7f8c,pruned_before_deploy,,,,0.6590909090909091,,,,,,,8,False,,,,,2,64,7,2,stride,32,16,6,False,True,0,flatten,0.22815091168733553,bn,,adamw,0.003336986718006998,0.003885533630081683,cosine,0.08086429580206528,1.0
c9513013,pruned_before_deploy,,,,0.7670454545454546,,,,,,,24,False,,,,,2,64,7,2,stride,32,16,3,False,True,0,flatten,0.12842789103245664,tdbn,1.0751084801433843,adam,0.0006881452949128328,1.4707773265255883e-05,onecycle,0.12065779793828656,0.0
70ef6cc2,pruned_before_deploy,,,,0.5397727272727273,,,,,,,8,False,,,,,2,64,7,2,stride,32,16,6,False,True,0,flatten,0.2650463836195591,bn,,adamw,0.003156820097528038,0.004395191248240772,cosine,0.0829625555165367,1.0
beac6240,pruned_before_deploy,,,,0.6647727272727273,,,,,,,8,False,,,,,2,64,7,,pool,32,8,4,False,True,1,flatten,0.26311536479750736,bn,,adamw,0.000568431777181866,3.720023983920537e-05,cosine,0.09511250349612524,1.0
29c9f049,deployed,0.8465909090909091,0.8465909090909091,0.8465909090909091,0.6988636363636364,0.0,0.1477272727272727,True,0.0,0.1360940933227539,,0,False,75549927.72084942,,,,2,64,7,2,stride,32,16,3,False,True,0,flatten,0.11330199945843612,tdbn,1.066675926052659,adam,0.0007024284272038468,0.00011760592918952645,onecycle,0.14834154086999912,1.0
a44b0894,deployed,0.8068181818181818,0.8068181818181818,0.8068181818181818,0.7159090909090909,0.0,0.09090909090909083,True,0.0,0.4935987591743469,,0,False,68732583.98271216,,,,2,64,7,2,stride,32,16,3,False,True,0,flatten,0.35023488786185386,tdbn,0.9424251584717831,adam,0.0006959888439844982,3.062352303752696e-07,none,0.12060163229663298,1.0
9d82027d,pruned_before_deploy,,,,0.7784090909090909,,,,,,,24,False,,,,,2,64,7,2,stride,32,8,6,False,True,0,flatten,0.32266130049055564,tdbn,1.2245476807944238,adam,0.0008457722381233917,7.703174358206393e-06,cosine,0.09629932794641775,1.0
fa5dcf35,deployed,0.8522727272727273,0.8522727272727273,0.8522727272727273,0.7784090909090909,0.0,0.07386363636363635,True,0.0,0.34532636404037476,,0,False,71862240.75581524,,,,2,64,7,2,stride,32,8,3,False,True,0,flatten,0.13419995843833255,bn,,adam,0.0005610936693678492,1.0775828214864794e-05,none,0.14860809749349366,1.0
51f620f6,pruned_before_deploy,,,,0.5113636363636364,,,,,,,8,False,,,,,2,64,7,2,stride,32,16,3,False,True,0,flatten,0.1777495121518723,tdbn,1.557997751351722,adam,0.002654763039097348,8.547182830405508e-06,cosine,0.027605068555651632,1.0
9facedfc,pruned_before_deploy,,,,0.6306818181818182,,,,,,,8,False,,,,,2,64,7,2,stride,32,16,3,False,True,0,flatten,0.1915463890307551,tdbn,1.3303185150849322,adam,0.0006476850862912227,3.6703080441996395e-06,onecycle,0.17335842158241538,1.0
21338e57,pruned_before_deploy,,,,0.6363636363636364,,,,,,,8,False,,,,,2,64,7,2,stride,32,16,3,False,True,0,flatten,0.19513224746105415,tdbn,1.3531711786088747,adam,0.0006468136811401165,8.948978826665368e-06,onecycle,0.08718425107495795,1.0
6b9754f0,deployed,0.8125,0.8125,0.8125,0.7215909090909091,0.0,0.09090909090909094,True,0.0,0.049990713596343994,,0,False,92953780.05578366,,,,2,64,7,2,stride,32,16,3,False,True,0,flatten,0.13593894895685402,tdbn,1.5659134689202716,adam,0.0006528600650396371,8.393839100490114e-06,cosine,0.0768756107781498,1.0
5585fead,pruned_before_deploy,,,,0.6306818181818182,,,,,,,8,False,,,,,2,64,7,2,stride,32,8,3,False,True,0,flatten,0.16202609709289864,tdbn,1.3368257533261716,adam,0.0005793887586056188,1.057877904949345e-05,onecycle,0.07511715048853208,1.0
cd15e3d7,pruned_before_deploy,,,,0.6590909090909091,,,,,,,8,False,,,,,2,64,7,2,stride,32,8,32,False,True,0,flatten,0.1366594059402508,tdbn,1.1289345361226875,adam,0.0005444472464662419,1.1781791412473507e-05,cosine,0.09119905747362478,1.0
83cce8e7,pruned_before_deploy,,,,0.7556818181818182,,,,,,,24,False,,,,,2,64,7,,pool,32,8,4,False,True,1,flatten,0.1879450218441696,bn,,adamw,0.0010523064894294666,3.766164322003996e-05,cosine,0.09573278109991022,1.0
b17ce1b7,pruned_before_deploy,,,,0.6420454545454546,,,,,,,8,False,,,,,2,64,7,2,stride,32,8,32,False,True,0,flatten,0.15210008147224385,bn,,adamw,0.0010426742658745992,1.6355682947392153e-05,cosine,0.09089408293285103,1.0
58edfdc1,pruned_before_deploy,,,,0.7727272727272727,,,,,,,24,False,,,,,2,64,7,,pool,32,8,4,False,True,0,flatten,0.18244257037607553,tdbn,1.241086932619251,adam,0.0005615242192779015,3.558876184486265e-07,cosine,0.09405774814336947,1.0
3536fbb1,pruned_before_deploy,,,,0.6590909090909091,,,,,,,8,False,,,,,2,64,7,2,stride,32,8,6,False,True,0,flatten,0.3398723235471746,bn,,adam,0.0007315123990404116,1.5583849325018848e-06,onecycle,0.1503008797743411,1.0
fdc8360b,pruned_before_deploy,,,,0.6193181818181818,,,,,,,8,False,,,,,2,64,7,2,stride,32,8,6,False,True,1,flatten,0.33785564877228785,bn,,adam,0.0016529106991757885,1.806966290908468e-06,onecycle,0.14863902690369915,1.0
685dce4b,deployed,0.8579545454545454,0.8579545454545454,0.8579545454545454,0.7045454545454546,0.0,0.15340909090909083,True,0.0,0.3094695210456848,,0,False,77655563.28831004,,,,2,64,7,2,stride,32,8,3,False,True,0,flatten,0.1364286269608629,tdbn,1.1294047903759974,adam,0.0005828595504400474,1.174098964255339e-05,cosine,0.0925459417317671,1.0
e201b124,deployed,0.8579545454545454,0.8579545454545454,0.8579545454545454,0.7386363636363636,0.0,0.11931818181818177,True,0.0,0.37925881147384644,,0,False,64662012.26747361,,,,2,64,7,2,stride,32,8,6,False,True,0,flatten,0.261002170376481,bn,,adam,0.0005778679280646461,8.256359762757301e-06,cosine,0.09531315347809559,1.0
7bc0f463,deployed,0.8863636363636364,0.8863636363636364,0.8863636363636364,0.7215909090909091,0.0,0.1647727272727273,True,0.0,0.46550339460372925,,0,False,454141324.4355469,,,,2,64,7,,pool,32,16,4,False,True,0,flatten,0.23147845559254787,bn,,adamw,0.0005726063097710099,0.004387528571536775,cosine,0.09081933768267494,1.0
13a232d8,deployed,0.7954545454545454,0.7954545454545454,0.7954545454545454,0.6761363636363636,0.0,0.11931818181818177,True,0.0,0.049993038177490234,,0,False,365140934.703125,,,,2,64,7,,pool,32,16,4,False,True,0,flatten,0.2640815275997301,bn,,adamw,0.0028717858989230956,0.004002086484060808,cosine,0.09021026240391766,1.0
27a20a10,pruned_before_deploy,,,,0.6590909090909091,,,,,,,8,False,,,,,2,64,7,,pool,32,8,6,False,True,0,flatten,0.23561962972067996,bn,,adam,0.0005222225009719578,6.271587162337981e-06,cosine,0.1014677681695158,1.0
34dc983a,pruned_before_deploy,,,,0.7840909090909091,,,,,,,24,False,,,,,2,64,7,2,stride,32,8,6,False,True,0,flatten,0.11026423546434175,bn,,adamw,0.0005318235084840585,2.410797844577953e-05,cosine,0.16024481881120312,1.0
06581da4,deployed,0.8295454545454546,0.8295454545454546,0.8295454545454546,0.7272727272727273,0.0,0.10227272727272729,True,0.0,0.08497941493988037,,0,False,88698594.05889565,,,,2,64,7,2,stride,32,8,3,False,True,0,flatten,0.3029060748986819,tdbn,1.413549555471652,adam,0.000529916746713533,5.9272983887819115e-05,cosine,0.1277640646154004,1.0
d7087a6e,pruned_before_deploy,,,,0.6534090909090909,,,,,,,8,False,,,,,2,64,7,,pool,32,8,6,False,True,0,flatten,0.247244154130569,bn,,adam,0.0006027778168025618,5.9499362994119384e-06,cosine,0.13642805722475518,5.0
8d690ee0,deployed,0.8636363636363636,0.8636363636363636,0.8636363636363636,0.7443181818181818,0.0,0.11931818181818188,True,0.0,0.4037078619003296,,0,False,57300973.980993606,,,,2,64,7,2,stride,32,8,32,False,True,0,flatten,0.16126497655768163,bn,,adamw,0.000586647452837118,1.6540662154902246e-05,cosine,0.1475234769327776,1.0
1ab2d788,pruned_before_deploy,,,,0.6647727272727273,,,,,,,8,False,,,,,2,64,7,,pool,32,8,6,False,True,0,flatten,0.21423477990733222,bn,,adam,0.0005857310087202447,6.426590960136799e-06,cosine,0.006264348418824284,5.0
d30a273b,deployed,,,,0.0,,,False,,,False,0,False,,,,,2,64,7,,pool,64,8,32,False,True,0,flatten,0.22966226270890877,bn,,adamw,0.0006286258896200963,1.6341146106622953e-05,cosine,0.06786971263617943,1.0
ddc286a1,deployed,,,,0.0,,,False,,,False,0,False,,,,,2,64,7,2,stride,64,8,32,False,True,0,flatten,0.23419954199755608,bn,,adamw,0.0005006706198350539,1.6879748191165085e-05,cosine,0.06785910796967783,1.0
c6bdeea1,deployed,0.8465909090909091,0.8465909090909091,0.8465909090909091,0.7215909090909091,0.0,0.125,True,0.0,0.04998612403869629,,0,False,53976092.47782587,,,,2,64,7,2,stride,32,8,6,False,True,0,flatten,0.33848460294928945,bn,,adam,0.0016498319845809658,6.111375364905613e-06,onecycle,0.148719538134427,1.0
5aac9231,deployed,0.8863636363636364,0.8863636363636364,0.8863636363636364,0.75,0.0,0.13636363636363635,True,0.0,0.04999572038650513,,0,False,62316264.57580261,,,,2,64,7,2,stride,32,8,6,False,True,1,flatten,0.14970375051292817,bn,,adamw,0.0007353888263305606,1.733483513933262e-05,cosine,0.1252632474302956,1.0
33d70c76,deployed,0.8806818181818182,0.8806818181818182,0.8806818181818182,0.7556818181818182,0.0,0.125,True,0.0,0.04999208450317383,,0,False,74423813.6172804,,,,2,64,7,2,stride,32,8,6,False,True,1,flatten,0.10961982680724233,bn,,adam,0.0005199743865448022,5.925024408440262e-06,cosine,0.13761124812156889,1.0
c245033d,pruned_before_deploy,,,,0.7954545454545454,,,,,,,24,False,,,,,2,64,7,2,stride,32,8,6,False,True,0,flatten,0.21736521678610304,bn,,adam,0.0005890738568041537,9.844259749098626e-06,cosine,0.06639254907867795,1.0
20309779,deployed,0.8238636363636364,0.8238636363636364,0.8238636363636364,0.7102272727272727,0.0,0.11363636363636365,True,0.0,0.3323720097541809,,0,False,66236298.179297335,,,,2,64,7,2,stride,32,8,6,False,True,0,flatten,0.23948596827293533,bn,,adam,0.0005293771120874552,7.103023418088254e-06,cosine,0.057080946065300536,5.0
2a4458c5,deployed,0.875,0.875,0.875,0.7215909090909091,0.0,0.15340909090909094,True,0.0,0.49553340673446655,,0,False,428752511.984375,,,,2,64,7,,pool,32,8,6,False,True,0,flatten,0.23814555859506553,bn,,adam,0.000534587213850441,6.07658035967406e-06,cosine,0.09966634593112644,1.0
aa805c13,deployed,0.8522727272727273,0.8522727272727273,0.8522727272727273,0.7556818181818182,0.0,0.09659090909090906,True,0.0,0.41450196504592896,,0,False,64853283.70776976,,,,2,64,7,2,stride,32,8,6,False,True,0,flatten,0.2116309403450745,bn,,adam,0.00059502732405375,6.2327023293914266e-06,cosine,0.05901294632810936,1.0
4b8b5e8e,deployed,0.8409090909090909,0.8409090909090909,0.8409090909090909,0.7329545454545454,0.0,0.10795454545454553,True,0.0,0.30834585428237915,,0,False,55830781.46711504,,,,2,64,7,2,stride,32,8,32,False,True,0,flatten,0.1690663314175122,bn,,adamw,0.0007187290091334891,1.3109445904965683e-05,cosine,0.06976521397518029,1.0
5911eca6,deployed,0.8693181818181818,0.8693181818181818,0.8693181818181818,0.7329545454545454,0.0,0.13636363636363635,True,0.0,0.2714862823486328,,0,False,64433059.91008657,,,,2,64,7,2,stride,32,8,4,False,True,0,flatten,0.25596681010306915,bn,,adamw,0.0007323003613083126,1.317218945062196e-05,cosine,0.0860623380316415,1.0
f7c7cc3a,deployed,0.8579545454545454,0.8579545454545454,0.8579545454545454,0.7727272727272727,0.0,0.08522727272727271,True,0.0,0.30685919523239136,,0,False,59407018.50731086,,,,2,64,7,2,stride,32,8,6,False,True,0,flatten,0.12222329484062397,bn,,adamw,0.0007236546524797314,1.3068475025387697e-05,cosine,0.08661379226133127,1.0
b2466d71,pruned_before_deploy,,,,0.7727272727272727,,,,,,,24,False,,,,,2,64,7,2,stride,32,8,6,False,True,1,flatten,0.25641324875195637,bn,,adamw,0.0006579780901608498,1.4061210473349727e-05,cosine,0.08545526263995662,1.0
a180dbdb,deployed,0.8522727272727273,0.8522727272727273,0.8522727272727273,0.7670454545454546,0.0,0.08522727272727271,True,0.0,0.33445531129837036,,0,False,67588347.43392353,,,,2,64,7,2,stride,32,8,4,False,True,0,flatten,0.16976700299491362,bn,,adamw,0.0005507732110537801,1.3127965347115302e-05,cosine,0.11367465219711337,1.0
9f99f77a,pruned_before_deploy,,,,0.7556818181818182,,,,,,,24,False,,,,,2,64,7,,pool,32,8,4,False,True,1,flatten,0.255084752896491,bn,,adamw,0.0005557132142230202,1.2937188923491079e-05,cosine,0.1157928338183869,1.0
0d27996c,deployed,0.8806818181818182,0.8806818181818182,0.8806818181818182,0.7272727272727273,0.0,0.15340909090909094,True,0.0,0.0499953031539917,,0,False,75146602.41940397,,,,2,64,7,2,stride,32,8,6,False,True,1,flatten,0.16990126555007073,bn,,adamw,0.0005500491555791083,1.2785591256150467e-05,cosine,0.11582056303935773,1.0
9608f265,deployed,0.875,0.875,0.875,0.7159090909090909,0.0,0.15909090909090906,True,0.0,0.09576654434204102,,0,False,73451544.54612255,,,,2,64,7,2,stride,32,8,6,False,True,1,flatten,0.14748414376828578,bn,,adamw,0.0005510252898875504,1.3753980753138211e-05,cosine,0.08486587731961168,1.0
87fb5624,pruned_before_deploy,,,,0.6534090909090909,,,,,,,8,False,,,,,2,64,7,,pool,32,8,4,False,True,1,flatten,0.14404101312409448,bn,,adamw,0.0006337369541986346,2.164518956227861e-05,cosine,0.08173680358306705,1.0
907891bc,pruned_before_deploy,,,,0.7556818181818182,,,,,,,24,False,,,,,2,64,7,,pool,32,8,4,False,True,1,flatten,0.2546622436526107,bn,,adamw,0.0005551530383403962,1.2953701702796162e-05,cosine,0.10009969333909728,1.0
d0686a7c,pruned_before_deploy,,,,0.7727272727272727,,,,,,,24,False,,,,,2,64,7,,pool,32,8,4,False,True,1,flatten,0.14627937659352633,bn,,adamw,0.0005591922767412679,1.2769563265612762e-05,cosine,0.11443531500379359,1.0
973be937,pruned_before_deploy,,,,0.5795454545454546,,,,,,,8,False,,,,,4,32,7,,pool,32,8,6,False,True,1,flatten,0.12527579554740614,bn,,adamw,0.0005210009790118308,1.8237379566894556e-05,cosine,0.07953517773005195,1.0
9e8a4f4e,pruned_before_deploy,,,,0.7670454545454546,,,,,,,24,False,,,,,2,64,7,,pool,32,8,4,False,True,1,flatten,0.25410412359636264,bn,,adamw,0.0005609440021605648,1.2659942073399383e-05,cosine,0.11498794884530095,1.0
edc6c55c,deployed,,,,0.0,,,False,,,False,0,False,,,,,4,32,7,2,stride,32,8,6,False,True,1,flatten,0.15671765328406484,bn,,adamw,0.0005012335740050753,1.899917492601659e-05,cosine,0.07931608246412769,0.0
873ccbc7,pruned_before_deploy,,,,0.7784090909090909,,,,,,,24,False,,,,,2,32,7,,pool,32,8,4,False,True,1,flatten,0.12328973485409761,bn,,adamw,0.0005555361688438111,1.2526358686411325e-05,cosine,0.08516177627250848,1.0
63d87a4b,pruned_before_deploy,,,,0.4715909090909091,,,,,,,8,False,,,,,4,32,7,,pool,32,8,6,False,True,1,flatten,0.15678895868428772,bn,,adamw,0.0005025438973078062,1.9012622534141574e-05,cosine,0.07781612893824846,1.0
60144887,pruned_before_deploy,,,,0.7897727272727273,,,,,,,24,False,,,,,2,64,7,,pool,32,8,4,False,True,1,flatten,0.13011471635409236,bn,,adamw,0.0005632588126166675,1.2367266721914937e-05,cosine,0.08384539566497229,1.0
2db448f1,pruned_before_deploy,,,,0.7670454545454546,,,,,,,24,False,,,,,2,64,7,,pool,32,8,4,False,True,1,flatten,0.14417235915180807,bn,,adamw,0.0005597269750175267,2.1033619677689855e-05,cosine,0.08010314538352598,1.0
a82d90c6,pruned_before_deploy,,,,0.7670454545454546,,,,,,,24,False,,,,,2,32,7,,pool,32,8,4,False,True,1,flatten,0.14396075137416586,bn,,adamw,0.0006280791704157928,2.1418036264143876e-05,cosine,0.08327442284434958,1.0
ec3fa753,pruned_before_deploy,,,,0.7613636363636364,,,,,,,24,False,,,,,2,32,7,,pool,32,8,4,False,True,1,flatten,0.14427947402068605,bn,,adamw,0.0005028452378894765,2.0470532230557653e-05,cosine,0.0810249760724531,1.0
ab127ee9,pruned_before_deploy,,,,0.6420454545454546,,,,,,,8,False,,,,,2,64,7,2,stride,32,8,6,True,True,1,flatten,0.20594693446886525,bn,,adamw,0.0006126855498337191,1.6265847825113366e-05,step,0.10670507515810229,1.0
2ffe6698,pruned_before_deploy,,,,0.6193181818181818,,,,,,,8,False,,,,,2,64,7,2,stride,32,8,6,True,True,1,flatten,0.22373038260266334,bn,,adamw,0.0006121588034710778,0.002784083608657791,step,0.10580003440746438,1.0
26bf8fde,pruned_before_deploy,,,,0.6647727272727273,,,,,,,8,False,,,,,2,64,7,2,stride,32,8,6,False,True,1,flatten,0.1625655305556678,bn,,adamw,0.0006042982045710518,1.5012528448499201e-05,cosine,0.08898265785734642,1.0
3e9743b8,deployed,0.8806818181818182,0.8806818181818182,0.8806818181818182,0.7272727272727273,0.0,0.15340909090909094,True,0.0,0.04999542236328125,,0,False,70477027.09440026,,,,2,64,7,2,stride,32,8,6,False,True,1,flatten,0.1611763241487933,bn,,adamw,0.0006166869853533139,1.1841088088288028e-05,cosine,0.0856670614298441,1.0
bc2357eb,deployed,0.8806818181818182,0.8806818181818182,0.8806818181818182,0.7102272727272727,0.0,0.17045454545454553,True,0.0,0.04999512434005737,,0,False,74398198.01950802,,,,2,64,7,2,stride,32,8,6,True,True,1,flatten,0.15504963980051975,bn,,adamw,0.0005050460017557484,0.0029333613108647448,cosine,0.08771751452062104,1.0
07d613c6,deployed,0.8806818181818182,0.8806818181818182,0.8806818181818182,0.7102272727272727,0.0,0.17045454545454553,True,0.0,0.04999542236328125,,0,False,67412089.80311757,,,,2,64,7,2,stride,32,8,6,False,True,1,flatten,0.12220848627251553,bn,,adamw,0.000608908593987788,1.1491318835795543e-05,cosine,0.10917703425621114,1.0
df8c5229,deployed,0.8977272727272727,0.8977272727272727,0.8920454545454546,0.7272727272727273,-0.005681818181818121,0.17045454545454541,True,0.0,0.04999542236328125,,0,False,73228243.83416319,,,,2,64,7,2,stride,32,8,6,False,True,1,flatten,0.15520192137508526,bn,,adamw,0.0006096277786474461,0.0006764095230726763,cosine,0.10540695035648799,1.0
49fad66a,pruned_before_deploy,,,,0.6647727272727273,,,,,,,8,False,,,,,2,64,7,2,stride,32,8,6,False,True,1,flatten,0.15178274696874094,bn,,adamw,0.0005327699323189446,0.0010228034895344578,cosine,0.09119149549580757,1.0
619f3726,deployed,0.8863636363636364,0.8863636363636364,0.8863636363636364,0.7329545454545454,0.0,0.15340909090909094,True,0.0,0.04999542236328125,,0,False,70765825.14975661,,,,2,64,7,2,stride,32,8,6,False,True,1,flatten,0.15125369827446394,bn,,adamw,0.0006234951191484224,0.0007481275427760638,cosine,0.10511029456297111,1.0
d8fea5d1,pruned_before_deploy,,,,0.6704545454545454,,,,,,,8,False,,,,,2,64,7,2,stride,32,8,6,True,True,1,flatten,0.24410616139403737,bn,,adamw,0.0006665866149629557,0.0027424387768883837,cosine,0.11042405165225462,1.0
1472bcab,deployed,0.8636363636363636,0.8636363636363636,0.8636363636363636,0.75,0.0,0.11363636363636365,True,0.0,0.19729745388031006,,0,False,69976339.84558932,,,,2,64,7,2,stride,32,8,6,True,True,1,flatten,0.22682088511044504,bn,,adamw,0.0006090004316126536,1.1496878337079883e-05,cosine,0.10766168771016983,1.0
55650570,deployed,0.8806818181818182,0.8806818181818182,0.8806818181818182,0.7556818181818182,0.0,0.125,True,0.0,0.16343581676483154,,0,False,68325152.50472838,,,,2,64,7,2,stride,32,8,6,True,True,1,flatten,0.10844882951651896,bn,,adamw,0.0005994534962325269,0.0006343373607240149,cosine,0.10550587479360136,1.0
b5be7779,pruned_before_deploy,,,,0.7840909090909091,,,,,,,24,False,,,,,2,64,7,2,stride,32,8,6,True,True,1,flatten,0.1772540648591415,bn,,adamw,0.0005256396247052602,0.000845329325760193,cosine,0.0985589886386867,1.0
885d649d,deployed,0.8806818181818182,0.8806818181818182,0.8806818181818182,0.7329545454545454,0.0,0.14772727272727282,True,0.0,0.049995601177215576,,0,False,65206259.2818631,,,,2,64,7,2,stride,32,8,6,False,True,1,flatten,0.1089754721496484,bn,,adamw,0.0007442159935560444,0.0010516074523232105,cosine,0.12407872007144159,1.0
9c0d99b5,deployed,,,,0.0,,,False,,,False,0,False,,,,,2,64,7,2,stride,64,8,16,True,False,1,flatten,0.165435403482504,bn,,adamw,0.0007447261895185191,0.0012115007497332769,cosine,0.10375692837560142,0.0
d0ed99aa,pruned_before_deploy,,,,0.7954545454545454,,,,,,,24,False,,,,,2,64,7,2,stride,32,8,6,True,True,1,flatten,0.17596131973596515,bn,,adamw,0.0005317621444852644,0.0059495887973654155,cosine,0.12288305253680325,1.0
e1a27591,deployed,0.875,0.875,0.875,0.7329545454545454,0.0,0.14204545454545459,True,0.0,0.3454381227493286,,0,False,75895650.7918122,,,,2,64,7,2,stride,32,8,6,False,True,1,flatten,0.1089490235492636,bn,,adamw,0.0005275455178835776,1.1261936919767526e-05,cosine,0.12139593937325022,1.0
103862af,deployed,0.8693181818181818,0.8693181818181818,0.875,0.7386363636363636,0.005681818181818232,0.13068181818181812,True,0.0,0.04999512434005737,,0,False,73391860.33032662,,,,2,64,7,2,stride,32,8,6,True,True,1,flatten,0.17573354768646507,bn,,adamw,0.0005314704883033227,0.006428700133603935,cosine,0.09173211644177981,1.0
d7842b7d,deployed,0.8806818181818182,0.8806818181818182,0.8806818181818182,0.7272727272727273,0.0,0.15340909090909094,True,0.0,0.13542866706848145,,0,False,65008360.80896997,,,,2,64,7,2,stride,32,8,6,True,True,1,flatten,0.24323478738688853,bn,,adamw,0.0007379875693087231,0.008374430360334612,cosine,0.092424469197773,1.0
fa34cb01,deployed,0.875,0.875,0.875,0.7386363636363636,0.0,0.13636363636363635,True,0.0,0.34188514947891235,,0,False,76365892.21861064,,,,2,64,7,2,stride,32,8,6,True,True,1,flatten,0.17745257602780604,bn,,adamw,0.0005287822385543512,0.002934680617524329,cosine,0.12335471009704344,1.0
772b2565,deployed,0.8977272727272727,0.8977272727272727,0.8977272727272727,0.7613636363636364,0.0,0.13636363636363635,True,0.0,0.04999542236328125,,0,False,71495837.97284669,,,,2,64,7,2,stride,32,8,6,True,True,1,flatten,0.17353330188789942,bn,,adamw,0.0006413947632723397,0.000853924698738818,cosine,0.10269503019236129,1.0
c63e0db7,deployed,0.875,0.875,0.8693181818181818,0.7159090909090909,-0.005681818181818232,0.15909090909090906,True,0.0,0.3362846374511719,,0,False,74569889.24402682,,,,2,64,7,2,stride,32,8,6,True,True,1,flatten,0.17454891512755463,bn,,adamw,0.0005267831338114761,0.0008940278036462557,cosine,0.12285773256878366,1.0
d2107e30,pruned_before_deploy,,,,0.6818181818181818,,,,,,,8,False,,,,,2,64,7,2,stride,32,8,6,True,True,1,flatten,0.10625332585510959,bn,,adamw,0.000647171410887134,0.0005762311445143681,cosine,0.12018237081031463,1.0
3f0f1a84,deployed,0.8806818181818182,0.8806818181818182,0.8806818181818182,0.7613636363636364,0.0,0.11931818181818188,True,0.0,0.14359819889068604,,0,False,63170955.598924264,,,,2,64,7,2,stride,32,8,6,True,True,1,flatten,0.16458215854089764,bn,,adamw,0.000738132365137221,0.0013017171689473782,cosine,0.12366088065339234,1.0
dd7ae6df,deployed,0.8806818181818182,0.8806818181818182,0.8806818181818182,0.7386363636363636,0.0,0.14204545454545459,True,0.0,0.09895777702331543,,0,False,60917419.646783955,,,,2,64,7,2,stride,32,8,6,True,True,1,flatten,0.10819260764669823,bn,,adamw,0.000829974201321485,0.0006271401251300182,cosine,0.12117941412608281,1.0
c6279315,deployed,0.8806818181818182,0.8806818181818182,0.8806818181818182,0.7329545454545454,0.0,0.14772727272727282,True,0.0,0.23604822158813477,,0,False,65348438.125371575,,,,2,64,7,2,stride,32,8,6,True,True,1,flatten,0.10649164890797944,bn,,adamw,0.0006468014969067943,0.0005589186507569649,cosine,0.1179969041406918,1.0
b8d8f417,deployed,0.8806818181818182,0.8806818181818182,0.8863636363636364,0.7215909090909091,0.005681818181818121,0.15909090909090917,True,0.0,0.12031102180480957,,0,False,63040449.48471871,,,,2,64,7,2,stride,32,8,6,True,True,1,flatten,0.10399188503164619,bn,,adamw,0.0008037278887537377,0.0005625358024304828,cosine,0.12900703912650244,1.0
2f7c1d64,deployed,0.8920454545454546,0.8920454545454546,0.8863636363636364,0.7215909090909091,-0.005681818181818232,0.17045454545454553,True,0.0,0.16700822114944458,,0,False,65206702.18426724,,,,2,64,7,2,stride,32,8,6,True,True,1,flatten,0.10774643855678834,bn,,adamw,0.0006475544259695078,0.0005835789155457101,cosine,0.12032388782214891,1.0
fed52ed2,deployed,0.8920454545454546,0.8920454545454546,0.8920454545454546,0.7102272727272727,0.0,0.18181818181818188,True,0.0,0.049995481967926025,,0,False,61014436.53590405,,,,2,64,7,2,stride,32,8,6,True,True,1,flatten,0.10477870102329925,bn,,adamw,0.0008535739531778683,0.007834648582285279,cosine,0.11944226035997858,1.0
62f992a2,deployed,0.8920454545454546,0.8920454545454546,0.8920454545454546,0.7272727272727273,0.0,0.1647727272727273,True,0.0,0.049995601177215576,,0,False,63151869.134642534,,,,2,64,7,2,stride,32,8,6,True,True,1,flatten,0.10748474835382991,bn,,adamw,0.0008175638442232756,0.008549147438773727,cosine,0.12269130757251064,1.0
f3507517,pruned_before_deploy,,,,0.8068181818181818,,,,,,,24,False,,,,,2,64,7,2,stride,32,8,6,True,True,1,flatten,0.11607879972872936,bn,,adamw,0.0008410766651493603,0.0006928438452508495,cosine,0.11763790931455805,1.0
a91c74d5,deployed,0.8863636363636364,0.8863636363636364,0.8863636363636364,0.7272727272727273,0.0,0.15909090909090906,True,0.0,0.04999572038650513,,0,False,62487795.08279763,,,,2,64,7,2,stride,32,8,6,True,True,1,flatten,0.1071516904044569,bn,,adamw,0.0008221278202399006,0.0005427265818436297,cosine,0.1023085578916922,1.0
0037d989,deployed,0.8920454545454546,0.8920454545454546,0.8920454545454546,0.7386363636363636,0.0,0.15340909090909094,True,0.0,0.1231948733329773,,0,False,65998877.98509958,,,,2,64,7,2,stride,32,8,6,True,True,1,flatten,0.15339029386511172,bn,,adamw,0.0006923370345733953,0.0007007341842793,cosine,0.12983426440190055,1.0
24a375a7,pruned_before_deploy,,,,0.6534090909090909,,,,,,,8,False,,,,,2,64,7,2,stride,32,8,6,True,True,1,flatten,0.1160199905504305,bn,,adamw,0.0008929886797340039,0.00041606964257375205,cosine,0.1319768243203108,1.0
098aa1c0,deployed,0.8806818181818182,0.8806818181818182,0.8806818181818182,0.7443181818181818,0.0,0.13636363636363646,True,0.0,0.049995481967926025,,0,False,62480338.30057223,,,,2,64,7,2,stride,32,8,6,True,True,1,flatten,0.15431863790468883,bn,,adamw,0.000828636265102062,0.00988288373057416,cosine,0.12836656423438594,1.0
64f4d214,deployed,0.8636363636363636,0.8636363636363636,0.8693181818181818,0.7386363636363636,0.005681818181818121,0.125,True,0.0,0.16664069890975952,,0,False,62831893.86159519,,,,2,64,7,2,stride,32,8,6,True,True,1,flatten,0.15208130829707148,bn,,adamw,0.0008325435005720785,0.0007008182273796806,cosine,0.12783481859621043,1.0
2e47d535,deployed,0.8863636363636364,0.8863636363636364,0.8863636363636364,0.7329545454545454,0.0,0.15340909090909094,True,0.0,0.0499957799911499,,0,False,60827729.647276305,,,,2,64,7,2,stride,32,8,6,True,True,1,flatten,0.11721119550347671,bn,,adamw,0.0008233491234233401,0.0006210881400257186,cosine,0.1269722963620499,1.0
7442e4e1,pruned_before_deploy,,,,0.6590909090909091,,,,,,,8,False,,,,,2,64,7,2,stride,32,8,6,True,True,1,flatten,0.12104895869333386,bn,,adamw,0.0006927818828212096,0.0007258600132914792,cosine,0.11199853189781513,1.0
44de1eff,deployed,0.8863636363636364,0.8863636363636364,0.8863636363636364,0.75,0.0,0.13636363636363635,True,0.0,0.07772493362426758,,0,False,59030023.51268021,,,,2,64,7,2,stride,32,8,6,True,True,1,flatten,0.11635233757209111,bn,,adamw,0.0008253648539704887,0.0007414207551924807,cosine,0.11726187546109733,1.0
a9d6ed8e,pruned_before_deploy,,,,0.8068181818181818,,,,,,,24,False,,,,,2,64,7,2,stride,32,8,6,True,True,1,flatten,0.11837180978532134,bn,,adamw,0.0009432542438835596,0.00043708465636112004,cosine,0.1303285869455672,1.0
647695c4,pruned_before_deploy,,,,0.6875,,,,,,,8,False,,,,,2,64,7,2,stride,32,8,6,True,True,1,flatten,0.13170994236553693,bn,,adamw,0.0006760443053736296,0.0004849032651361127,cosine,0.11194917431986377,1.0
52fe7275,deployed,0.8863636363636364,0.8863636363636364,0.8863636363636364,0.7670454545454546,0.0,0.11931818181818177,True,0.0,0.04999572038650513,,0,False,62526777.17757877,,,,2,64,7,2,stride,32,8,6,True,True,1,flatten,0.11456704040630873,bn,,adamw,0.0008246888908350079,0.0007005698636372362,cosine,0.12938293085744007,1.0
85408f0c,pruned_before_deploy,,,,0.8238636363636364,,,,,,,24,False,,,,,2,64,7,2,stride,32,8,6,True,True,1,flatten,0.12091264286475786,bn,,adamw,0.0009422731991583196,0.008250281857130809,cosine,0.11045443532681568,1.0
67495a6c,deployed,,,,0.0,,,False,,,False,0,False,,,,,2,64,7,2,stride,64,8,6,True,False,1,flatten,0.12892452803483173,bn,,adamw,0.0008727030727338663,0.004991172401706313,cosine,0.13739932879215583,1.0
6e766d24,deployed,0.8977272727272727,0.8977272727272727,0.8977272727272727,0.7386363636363636,0.0,0.15909090909090906,True,0.0,0.0499955415725708,,0,False,58410918.5366658,,,,2,64,7,2,stride,32,8,6,True,True,1,flatten,0.10035980302862053,bn,,adamw,0.0008771615197143907,0.009519094608417995,cosine,0.11214688138512556,1.0
2f94a586,deployed,0.8863636363636364,0.8863636363636364,0.8863636363636364,0.7329545454545454,0.0,0.15340909090909094,True,0.0,0.049995481967926025,,0,False,61465243.20846648,,,,2,64,7,2,stride,32,8,6,True,True,1,flatten,0.11935291157962005,bn,,adamw,0.0008655155786485867,0.00896808554341592,cosine,0.11025858131695572,1.0
6db16b5d,deployed,0.875,0.875,0.875,0.7386363636363636,0.0,0.13636363636363635,True,0.0,0.04999589920043945,,0,False,55708869.45429548,,,,2,64,7,2,stride,32,8,6,True,True,1,flatten,0.10015982898981748,bn,,adamw,0.0009696431868254255,0.0007400915007863293,cosine,0.11040379205872616,1.0
7b823727,deployed,0.8863636363636364,0.8863636363636364,0.8863636363636364,0.7329545454545454,0.0,0.15340909090909094,True,0.0,0.18715274333953857,,0,False,61851708.05815249,,,,2,64,7,2,stride,32,8,6,True,False,1,flatten,0.10149487689050576,bn,,adamw,0.0009862313959322767,0.0049592730363939245,cosine,0.10343155637432004,5.0
f494cb4d,pruned_before_deploy,,,,0.8125,,,,,,,24,False,,,,,2,64,7,2,stride,32,8,6,True,True,1,flatten,0.1001874935717356,bn,,adamw,0.0009666100279092843,0.007131650371025111,cosine,0.11072109024042744,5.0
6649693b,deployed,0.875,0.875,0.875,0.7215909090909091,0.0,0.15340909090909094,True,0.0,0.04999595880508423,,0,False,60819406.64875334,,,,2,64,7,2,stride,32,8,6,True,True,1,flatten,0.10029862807863671,bn,,adamw,0.0009444689236912596,0.0007543082004863865,cosine,0.10931356622541682,1.0
43ace648,pruned_before_deploy,,,,0.8238636363636364,,,,,,,24,False,,,,,2,64,7,2,stride,32,8,6,True,False,1,flatten,0.10125155725934325,bn,,adamw,0.0010035990177580975,0.008810646384153329,cosine,0.11633877636378548,5.0
4e53d656,pruned_before_deploy,,,,0.8125,,,,,,,24,False,,,,,2,64,7,2,stride,32,8,6,True,True,1,flatten,0.10120609472028999,bn,,adamw,0.0009892305537329933,0.009911294424459234,cosine,0.11664203382531242,5.0
028a6fe6,pruned_before_deploy,,,,0.6931818181818182,,,,,,,8,False,,,,,2,64,7,2,stride,32,8,16,True,False,1,flatten,0.11211221981058843,bn,,adamw,0.0008845071783946858,0.009812874947932766,cosine,0.10366443481046098,5.0
df1ca39f,deployed,0.8636363636363636,0.8636363636363636,0.8636363636363636,0.7329545454545454,0.0,0.13068181818181823,True,0.0,0.049995481967926025,,0,False,65050682.82330372,,,,2,64,7,2,stride,32,8,6,True,True,1,flatten,0.10023728595526062,bn,,adamw,0.0007037801768027464,0.00046572006720846674,cosine,0.1383267034310554,1.0
bf395b21,pruned_before_deploy,,,,0.8181818181818182,,,,,,,24,False,,,,,2,64,7,2,stride,32,8,6,True,True,1,flatten,0.10005996110155217,bn,,adamw,0.0009762638320798174,0.007219765252454926,cosine,0.11678468580863988,1.0
8927c00f,deployed,0.8693181818181818,0.8693181818181818,0.8693181818181818,0.7784090909090909,0.0,0.09090909090909083,True,0.0,0.050000011920928955,,0,False,61025013.781695895,,,,2,64,7,2,stride,32,8,6,True,False,1,flatten,0.11518707955352532,bn,,adamw,0.0008863143538407591,0.009638965578442602,cosine,0.11635453384315998,5.0
7cbb6130,pruned_before_deploy,,,,0.8238636363636364,,,,,,,24,False,,,,,2,64,7,2,stride,32,8,6,True,False,1,flatten,0.1354953488219211,bn,,adamw,0.0008063653944541502,0.000282524930458949,cosine,0.13299964573719367,5.0
14d273d3,pruned_before_deploy,,,,0.6420454545454546,,,,,,,8,False,,,,,2,64,7,2,stride,32,8,2,True,False,1,flatten,0.13648942729137203,bn,,adamw,0.0008307505075965423,0.00033793596185183156,cosine,0.13333123892198462,0.0
77d0b1c6,deployed,0.8806818181818182,0.8806818181818182,0.8806818181818182,0.7272727272727273,0.0,0.15340909090909094,True,0.0,0.1758086085319519,,0,False,63439278.4560512,,,,2,64,7,2,stride,32,8,6,True,True,1,flatten,0.1294385953634848,bn,,adamw,0.000881485521190143,0.000740200534420563,cosine,0.11750355830066515,5.0
e3cb6dd4,deployed,0.8806818181818182,0.8806818181818182,0.8806818181818182,0.7386363636363636,0.0,0.14204545454545459,True,0.0,0.11541831493377686,,0,False,64532227.02989372,,,,2,64,7,2,stride,32,8,6,True,True,1,flatten,0.10259168610434781,bn,,adamw,0.0008782259710679063,0.00909598109584712,cosine,0.11793982473847847,5.0
d8758c10,deployed,0.8920454545454546,0.8920454545454546,0.8920454545454546,0.75,0.0,0.14204545454545459,True,0.0,0.050000011920928955,,0,False,58128577.78938763,,,,2,64,7,2,stride,32,8,16,True,False,1,flatten,0.1115230509268146,bn,,adamw,0.0008027578226248819,0.00030260851198690133,cosine,0.10261300943970174,5.0
f8da0a35,pruned_before_deploy,,,,0.6988636363636364,,,,,,,8,False,,,,,2,64,7,2,stride,32,8,63,True,True,1,flatten,0.1127984640785197,bn,,adamw,0.0008022841960887447,0.003455082183114238,step,0.1262220993695523,1.0
fcb1962a,deployed,0.8920454545454546,0.8920454545454546,0.8920454545454546,0.7329545454545454,0.0,0.15909090909090917,True,0.0,0.05258297920227051,,0,False,67181735.1503883,,,,2,64,7,2,stride,32,8,6,True,False,1,flatten,0.13774179924836855,bn,,adamw,0.000803948827108261,0.0003159083743631244,cosine,0.13490589030271533,5.0
ea8e9ae1,pruned_before_deploy,,,,0.6818181818181818,,,,,,,8,False,,,,,2,64,7,2,stride,32,8,8,True,True,1,flatten,0.11167658897477149,bn,,adamw,0.0007746574901605854,0.005475163159199518,step,0.10234766399895466,1.0
6ba35623,deployed,0.8806818181818182,0.8806818181818182,0.8806818181818182,0.7329545454545454,0.0,0.14772727272727282,True,0.0,0.050000011920928955,,0,False,62790538.71024078,,,,2,64,7,2,stride,32,8,6,True,False,1,flatten,0.11396497479794401,bn,,adamw,0.0008092090354096644,0.003592111394071389,cosine,0.1334412017960967,5.0
f98c065a,pruned_before_deploy,,,,0.8238636363636364,,,,,,,24,False,,,,,2,64,7,2,stride,32,8,16,True,False,1,flatten,0.11228830915613375,bn,,adamw,0.000807822920239187,0.0032840693923144398,step,0.10184055291143689,5.0
49794005,deployed,0.8920454545454546,0.8920454545454546,0.8920454545454546,0.7329545454545454,0.0,0.15909090909090917,True,0.0,0.10570096969604492,,0,False,57963749.3994965,,,,2,64,7,2,stride,32,8,6,True,True,1,flatten,0.13796918464407112,bn,,adamw,0.0008777793395185773,0.009764957679413851,cosine,0.11435253329974233,1.0
c3f9bfbe,pruned_before_deploy,,,,0.8238636363636364,,,,,,,24,False,,,,,2,64,7,2,stride,32,16,16,True,False,1,flatten,0.12433125716308506,bn,,adamw,0.0007666679871014046,0.00015912692074460054,cosine,0.10446038740358893,5.0
346f5465,deployed,0.8693181818181818,0.8693181818181818,0.8693181818181818,0.7386363636363636,0.0,0.13068181818181812,True,0.0,0.21534687280654907,,0,False,62210063.58558449,,,,2,64,7,2,stride,32,8,16,True,False,1,flatten,0.11306946890632333,bn,,adamw,0.0007766935524225831,0.00530167531377962,cosine,0.10316976069362399,5.0
31fd26e2,pruned_before_deploy,,,,0.8181818181818182,,,,,,,24,False,,,,,2,64,7,2,stride,32,8,16,True,False,1,flatten,0.12484684810187704,bn,,adamw,0.0011737898844946515,0.0071366306663888796,cosine,0.14014139837657133,5.0
34d1143a,pruned_before_deploy,,,,0.8068181818181818,,,,,,,24,False,,,,,2,64,7,2,stride,32,8,6,True,True,1,flatten,0.11313440156845256,bn,,adamw,0.0008154805084639923,0.0033433667171137924,cosine,0.1021212800587414,1.0
2290d4cb,pruned_before_deploy,,,,0.8238636363636364,,,,,,,24,False,,,,,2,64,7,2,stride,32,8,16,True,False,1,flatten,0.12672385839385572,bn,,adamw,0.0009106777760400436,0.007455338916756733,cosine,0.1259603295664225,5.0
42c9c092,deployed,0.8806818181818182,0.8806818181818182,0.8806818181818182,0.7329545454545454,0.0,0.14772727272727282,True,0.0,0.2453063726425171,,0,False,61865833.641693294,,,,2,64,7,2,stride,32,8,6,True,True,1,flatten,0.11464581592851204,bn,,adamw,0.0008817135072842934,0.00736921158770317,cosine,0.1175163278757653,5.0
f9d85496,deployed,0.8920454545454546,0.8920454545454546,0.8920454545454546,0.75,0.0,0.14204545454545459,True,0.0,0.050000011920928955,,0,False,65121867.44940918,,,,2,64,7,2,stride,32,8,6,True,False,1,flatten,0.11926513016806592,bn,,adamw,0.0008055620979580603,0.00025825780460654243,cosine,0.10265071983217983,5.0
83665a04,deployed,0.8863636363636364,0.8863636363636364,0.8863636363636364,0.7215909090909091,0.0,0.1647727272727273,True,0.0,0.2565060257911682,,0,False,54638753.21260961,,,,2,64,7,2,stride,32,8,16,True,False,1,flatten,0.12199098446161605,bn,,adamw,0.000917718398987331,0.0023454276053438868,cosine,0.12597759831705316,5.0
ba5788b5,pruned_before_deploy,,,,0.7954545454545454,,,,,,,24,False,,,,,2,64,7,2,stride,32,8,6,True,False,1,flatten,0.13934099146115625,bn,,adamw,0.0008588963743093822,0.007360202613326869,cosine,0.12635675973855237,1.0
46bd4f05,pruned_before_deploy,,,,0.6761363636363636,,,,,,,8,False,,,,,2,64,7,2,stride,32,8,6,True,False,1,flatten,0.13828390663652423,bn,,adamw,0.0008653524314975,0.0002577577086413576,cosine,0.11244557073466796,5.0
b2250466,pruned_before_deploy,,,,0.8181818181818182,,,,,,,24,False,,,,,2,64,7,2,stride,32,8,6,True,False,1,flatten,0.13740936435016834,bn,,adamw,0.000917010421211492,0.0009425836080054639,cosine,0.12664075886194967,5.0
ab65116c,pruned_before_deploy,,,,0.8238636363636364,,,,,,,24,False,,,,,2,64,7,2,stride,32,8,6,True,False,1,flatten,0.13950812311601044,bn,,adamw,0.0009154716747268495,0.0004875687857812418,cosine,0.1256383222367406,5.0
9b6322ad,deployed,0.8863636363636364,0.8863636363636364,0.8863636363636364,0.7443181818181818,0.0,0.14204545454545459,True,0.0,0.050000011920928955,,0,False,57557662.205939725,,,,2,64,7,2,stride,32,8,16,True,False,1,flatten,0.12224320667547972,bn,,adamw,0.0008703066126388962,0.0005046265953358293,cosine,0.12584349215475818,5.0
0158dcf0,pruned_before_deploy,,,,0.8125,,,,,,,24,False,,,,,2,64,7,2,stride,32,8,6,True,False,1,flatten,0.1414421613417451,bn,,adamw,0.0008563900449747902,0.0004899365537938604,cosine,0.11427275129777562,5.0
daf30f0c,deployed,,,,0.0,,,False,,,False,0,False,,,,,2,64,7,2,stride,64,8,16,True,False,1,flatten,0.12403220415325442,bn,,adamw,0.0008510378841856632,0.0006182793005257805,cosine,0.10711910708360878,5.0
5f31e5aa,deployed,,,,0.0,,,False,,,False,0,False,,,,,2,64,7,2,stride,64,8,16,True,False,1,flatten,0.12086366051911056,bn,,adamw,0.0010708358354867941,0.0003489584477022132,cosine,0.10778638235592274,5.0
a8779b90,pruned_before_deploy,,,,0.7954545454545454,,,,,,,24,False,,,,,2,64,7,2,stride,32,8,16,True,False,1,flatten,0.12167990926470207,bn,,adamw,0.0010499308659855566,0.0003764340001782388,cosine,0.10744203796310325,5.0
3a557956,pruned_before_deploy,,,,0.8011363636363636,,,,,,,24,False,,,,,2,64,7,2,stride,32,8,16,True,False,1,flatten,0.11997304179664273,bn,,adamw,0.001057809843347726,0.00032130778331827223,cosine,0.09762734929065889,5.0
7528b250,deployed,0.8863636363636364,0.8863636363636364,0.8863636363636364,0.7272727272727273,0.0,0.15909090909090906,True,0.0,0.06577074527740479,,0,False,61422652.818937644,,,,2,64,7,2,stride,32,8,6,True,False,1,flatten,0.139715354036135,bn,,adamw,0.0008513902009245799,0.0005265542276437073,cosine,0.10776644995962595,5.0
d4efcbb6,pruned_before_deploy,,,,0.7045454545454546,,,,,,,8,False,,,,,2,64,7,2,stride,32,8,16,True,False,1,flatten,0.10788446990624102,bn,,adamw,0.0007631199593227654,0.004361006572525634,cosine,0.1429168706416558,5.0
d7a4c5a6,pruned_before_deploy,,,,0.8068181818181818,,,,,,,24,False,,,,,2,64,7,2,stride,32,16,2,True,False,1,flatten,0.11826552220337026,bn,,adamw,0.0010357418326668727,0.0003300461911038336,cosine,0.09842922486433935,5.0
23fb7d7b,deployed,0.8693181818181818,0.8693181818181818,0.8693181818181818,0.7329545454545454,0.0,0.13636363636363635,True,0.0,0.050000011920928955,,0,False,57518337.58774895,,,,2,64,7,2,stride,32,8,16,True,False,1,flatten,0.12251207726819797,bn,,adamw,0.0008530360255212058,0.00025227259347235367,cosine,0.09770618150871213,5.0
3ab6b64e,pruned_before_deploy,,,,0.6988636363636364,,,,,,,8,False,,,,,2,64,7,2,stride,32,8,16,True,False,1,flatten,0.12910784843671144,bn,,adamw,0.0007533450057729621,0.0024445889287932725,cosine,0.12182968371706125,5.0
0daa51d3,deployed,0.8863636363636364,0.8863636363636364,0.8863636363636364,0.7613636363636364,0.0,0.125,True,0.0,0.2739574909210205,,0,False,55898044.25376226,,,,2,64,7,2,stride,32,8,16,True,False,1,flatten,0.1238732785085704,bn,,adamw,0.0009265837059117516,0.00029069919841285516,cosine,0.09638573461549374,5.0
b63c00df,pruned_before_deploy,,,,0.6931818181818182,,,,,,,8,False,,,,,2,64,7,2,stride,32,8,6,True,False,1,flatten,0.14820590658818375,bn,,adamw,0.0009228718362613055,0.0006463803166957627,cosine,0.13092070331111877,5.0
0a2dadf0,deployed,0.8863636363636364,0.8863636363636364,0.8863636363636364,0.7102272727272727,0.0,0.17613636363636365,True,0.0,0.24441522359848022,,0,False,64818922.54283404,,,,2,64,7,2,stride,32,8,6,True,True,1,flatten,0.1274894819620366,bn,,adamw,0.0007967138300905228,0.0031952014670922992,cosine,0.10207708824668525,1.0
02b3eaad,pruned_before_deploy,,,,0.7045454545454546,,,,,,,8,False,,,,,2,64,7,2,stride,32,8,6,True,False,1,flatten,0.13368762987413566,bn,,adamw,0.0008126736793525763,0.000511237943229925,cosine,0.12133967019617728,5.0
1c969b32,deployed,0.8920454545454546,0.8920454545454546,0.8920454545454546,0.7443181818181818,0.0,0.14772727272727282,True,0.0,0.050000011920928955,,0,False,59613575.12070823,,,,2,64,7,2,stride,32,8,16,True,False,1,flatten,0.12049003883217924,bn,,adamw,0.0008495313086688621,0.00037316184932856207,cosine,0.09742500992885206,5.0
5b55a9ad,pruned_before_deploy,,,,0.5625,,,,,,,8,False,,,,,2,64,7,2,stride,32,8,6,True,False,1,flatten,0.10744135147222081,bn,,adamw,0.0007974288683667146,0.0007950152913846333,cosine,0.12079296041084696,1.0
df018457,deployed,0.8863636363636364,0.8863636363636364,0.8863636363636364,0.7329545454545454,0.0,0.15340909090909094,True,0.0,0.050000011920928955,,0,False,58305673.36831153,,,,2,64,7,2,stride,32,16,16,True,False,1,flatten,0.1309674264396552,bn,,adamw,0.0007667870823412968,0.0003827251337737941,cosine,0.09750771298438272,5.0
12148805,deployed,0.875,0.875,0.875,0.7443181818181818,0.0,0.13068181818181823,True,0.0,0.050000011920928955,,0,False,56384323.27776642,,,,2,64,7,2,stride,32,8,16,True,False,1,flatten,0.10750947674074185,bn,,adamw,0.0009254304977593153,0.000811204234279232,cosine,0.1311858306041715,5.0
7d0edf7a,deployed,0.8806818181818182,0.8806818181818182,0.8806818181818182,0.7329545454545454,0.0,0.14772727272727282,True,0.0,0.050000011920928955,,0,False,54294653.69116936,,,,2,64,7,2,stride,32,16,16,True,False,1,flatten,0.12911679541893484,bn,,adamw,0.0009214879722826341,0.0008220102435765316,cosine,0.1202318419804937,5.0
463ce357,deployed,0.8522727272727273,0.8522727272727273,0.8522727272727273,0.7443181818181818,0.0,0.10795454545454553,True,0.0,0.050000011920928955,,0,False,65355040.96979971,,,,2,64,7,2,stride,32,8,6,True,False,1,flatten,0.12958742169309756,bn,,adamw,0.0008365322727614016,0.0006487096513234902,cosine,0.13044159439401973,5.0
70bc55c5,deployed,0.8806818181818182,0.8806818181818182,0.8806818181818182,0.7670454545454546,0.0,0.11363636363636365,True,0.0,0.14330118894577026,,0,False,59233148.14830744,,,,2,64,7,2,stride,32,8,6,True,False,1,flatten,0.13110165266016957,bn,,adamw,0.0009198454627808129,0.0008182768776686611,cosine,0.13025527379811402,5.0
97360899,deployed,0.875,0.875,0.875,0.7443181818181818,0.0,0.13068181818181823,True,0.0,0.12249159812927246,,0,False,63674529.986911036,,,,2,64,7,2,stride,32,8,6,True,False,1,flatten,0.132019674642878,bn,,adamw,0.0008073693712454666,0.0005312595553245391,cosine,0.1302592470280572,5.0
673aed51,deployed,0.875,0.875,0.875,0.75,0.0,0.125,True,0.0,0.2247757911682129,,0,False,60530338.47004124,,,,2,64,7,2,stride,32,8,16,True,False,1,flatten,0.10759915308249007,bn,,adamw,0.0008036895977598671,0.0007952016482720821,cosine,0.10170206494884096,5.0
edb57e8a,pruned_before_deploy,,,,0.8238636363636364,,,,,,,24,False,,,,,2,64,7,2,stride,32,8,6,True,False,1,flatten,0.1171446832262037,bn,,adamw,0.0008269705077186915,0.0023579200101626952,cosine,0.10165217474375275,0.0
4e900d5e,deployed,0.8863636363636364,0.8863636363636364,0.8863636363636364,0.7443181818181818,0.0,0.14204545454545459,True,0.0,0.1041145920753479,,0,False,58460916.32377749,,,,2,64,7,2,stride,32,8,16,True,False,1,flatten,0.10823433848653641,bn,,adamw,0.0008081291082896249,0.00627560465518032,cosine,0.10228306065138298,5.0
a9a00596,pruned_before_deploy,,,,0.7045454545454546,,,,,,,8,False,,,,,2,64,7,2,stride,32,8,8,True,True,1,flatten,0.11783116826522867,bn,,adamw,0.0006940981186158644,0.008556796241490836,cosine,0.11348957086547336,1.0
d6d35d2e,pruned_before_deploy,,,,0.6988636363636364,,,,,,,8,False,,,,,2,64,7,2,stride,32,8,6,True,True,1,flatten,0.11450474450308203,bn,,adamw,0.0007252977018137221,0.006175937572512831,cosine,0.11216369948784335,1.0
b636894a,deployed,0.8806818181818182,0.8806818181818182,0.8806818181818182,0.7443181818181818,0.0,0.13636363636363646,True,0.0,0.050000011920928955,,0,False,62045759.36431703,,,,2,64,7,2,stride,32,8,16,True,False,1,flatten,0.10928481674270873,bn,,adamw,0.0007860794386316539,0.0023038184903201825,cosine,0.1300649868432454,5.0
a2d5d1b0,pruned_before_deploy,,,,0.7045454545454546,,,,,,,8,False,,,,,2,64,7,2,stride,32,8,6,True,False,1,flatten,0.11712601813018668,bn,,adamw,0.0008627910619663869,0.0005690489852131987,cosine,0.1071908975580998,1.0
299832d9,pruned_before_deploy,,,,0.7045454545454546,,,,,,,8,False,,,,,2,64,7,2,stride,32,8,6,True,True,1,flatten,0.14548671322736326,bn,,adamw,0.0008697906167853319,0.00042318848344494403,cosine,0.10827682196582747,1.0
ef256a9f,deployed,,,,0.0,,,False,,,False,0,False,,,,,3,64,7,2,stride,32,8,6,True,True,1,flatten,0.15503159867078867,bn,,adamw,0.000868222114893636,0.0004253168644547435,cosine,0.10730714987429067,1.0
12b9725e,deployed,0.8863636363636364,0.8863636363636364,0.8863636363636364,0.7329545454545454,0.0,0.15340909090909094,True,0.0,0.2509332299232483,,0,False,71300281.78366527,,,,2,64,7,2,stride,32,8,6,True,False,1,flatten,0.11748101822639331,bn,,adamw,0.0007130841946719504,0.0005899380551738657,cosine,0.11290695991394381,0.0
33c63613,deployed,0.875,0.875,0.875,0.7386363636363636,0.0,0.13636363636363635,True,0.0,0.050000011920928955,,0,False,62611474.36513451,,,,2,64,7,2,stride,32,8,6,True,False,1,flatten,0.11806770801030597,bn,,adamw,0.000712401105695033,0.0019995750834671,cosine,0.1021096236432245,1.0
55d2510c,pruned_before_deploy,,,,0.6931818181818182,,,,,,,8,False,,,,,2,64,7,2,stride,32,8,63,True,True,1,flatten,0.1426796680528642,bn,,adamw,0.0008489852035975341,0.004724958220537085,cosine,0.10549290063230299,1.0
6bb8c3e1,pruned_before_deploy,,,,0.7045454545454546,,,,,,,8,False,,,,,2,64,7,2,stride,32,8,6,True,True,1,flatten,0.14934186288119386,bn,,adamw,0.0008391083952468557,0.0006017724168865862,cosine,0.10521110885855993,1.0
bf24eee4,pruned_before_deploy,,,,0.6988636363636364,,,,,,,8,False,,,,,2,64,7,2,stride,32,8,63,True,True,1,flatten,0.14459447458544633,bn,,adamw,0.0008425499433823493,0.0011440260611125328,cosine,0.12368059273929802,1.0
5e9942a8,pruned_before_deploy,,,,0.6761363636363636,,,,,,,8,False,,,,,2,64,7,2,stride,32,8,63,True,True,1,flatten,0.1475476245766416,bn,,adamw,0.0008420372720204611,0.0010584919667781013,cosine,0.09481527681279989,1.0
e2313aa9,pruned_before_deploy,,,,0.6875,,,,,,,8,False,,,,,2,64,7,2,stride,32,8,6,True,True,1,flatten,0.12393533046126978,bn,,adamw,0.0007479576966852445,0.00020333875216302987,cosine,0.09314555138944046,5.0
66f98da7,pruned_before_deploy,,,,0.7727272727272727,,,,,,,24,False,,,,,2,64,7,2,stride,32,8,6,True,True,1,flatten,0.11786722959062158,bn,,adamw,0.0007072601714404983,0.00841202545350632,cosine,0.1013764432800654,0.0
efe6ae2e,pruned_before_deploy,,,,0.8295454545454546,,,,,,,24,False,,,,,2,64,7,2,stride,32,8,6,True,True,1,flatten,0.15075644696381743,bn,,adamw,0.0008581211897882688,0.0005718835780366578,cosine,0.11223745975778507,1.0
bd27b161,pruned_before_deploy,,,,0.7670454545454546,,,,,,,24,False,,,,,2,64,7,2,stride,32,8,6,True,True,1,flatten,0.14810595945253863,bn,,adamw,0.0008671032418003245,0.000571371237603376,cosine,0.10785566819756556,1.0
c230215a,pruned_before_deploy,,,,0.8238636363636364,,,,,,,24,False,,,,,2,64,7,2,stride,32,8,6,True,True,1,flatten,0.15277305164093302,bn,,adamw,0.0008582092866343019,0.0005502505717283663,cosine,0.10381693163314985,1.0
3f7b9e27,pruned_before_deploy,,,,0.6079545454545454,,,,,,,8,False,,,,,2,64,7,2,stride,32,8,6,True,True,1,flatten,0.10787315995539007,bn,,adamw,0.0008876628431209712,0.0006539510973189709,cosine,0.12355972651157152,1.0
54de7f20,pruned_before_deploy,,,,0.6761363636363636,,,,,,,8,False,,,,,2,64,7,2,stride,32,8,6,True,True,1,flatten,0.10487053588885796,bn,,adamw,0.0009756685772264376,0.0006820461313785729,cosine,0.11988601427533913,5.0
f52a23b4,pruned_before_deploy,,,,0.6704545454545454,,,,,,,8,False,,,,,2,64,7,2,stride,32,8,6,True,True,1,flatten,0.105580809442973,bn,,adamw,0.0007854087574497696,0.0006808587836203251,cosine,0.1245434639171525,5.0
3e336246,pruned_before_deploy,,,,0.5909090909090909,,,,,,,8,False,,,,,2,64,7,2,stride,32,8,6,True,False,1,flatten,0.10618175710811169,bn,,adamw,0.0007820997493931134,0.0006478112400802985,cosine,0.12399978395565343,5.0
bb1a385b,pruned_before_deploy,,,,0.625,,,,,,,8,False,,,,,2,32,7,2,stride,32,8,6,True,False,1,flatten,0.13380199547052116,bn,,adamw,0.0007768586169562846,0.0004615035606800586,cosine,0.13482759526333293,5.0
57fa6fd5,pruned_before_deploy,,,,0.6590909090909091,,,,,,,8,False,,,,,2,32,7,2,stride,32,8,6,True,False,1,flatten,0.13681491326555442,bn,,adamw,0.0006472830561329863,0.00795731882648585,cosine,0.11586408351886338,1.0
8d96b55c,pruned_before_deploy,,,,0.8181818181818182,,,,,,,24,False,,,,,2,64,7,2,stride,32,8,6,True,True,1,flatten,0.14976623014348045,bn,,adamw,0.0008376591215368657,0.0011608926258852427,cosine,0.1239251843877664,1.0
f35b7264,pruned_before_deploy,,,,0.8011363636363636,,,,,,,24,False,,,,,2,64,7,2,stride,32,8,6,True,True,1,flatten,0.12409515711881737,bn,,adamw,0.0007538473358465724,0.0010815765318429914,cosine,0.0948511324608636,1.0
c02d33eb,pruned_before_deploy,,,,0.6761363636363636,,,,,,,8,False,,,,,2,64,5,2,stride,32,8,32,True,True,1,flatten,0.12574620215668678,bn,,adamw,0.0006631926540027855,0.001586952852026018,cosine,0.09931295815291012,1.0
44f65494,pruned_before_deploy,,,,0.6931818181818182,,,,,,,8,False,,,,,2,64,7,2,stride,32,8,2,True,True,1,flatten,0.16128398578522846,bn,,adamw,0.0006716094919955433,0.0038952089269383185,cosine,0.0986996873212217,1.0
7f3051ca,deployed,0.8806818181818182,0.8806818181818182,0.8806818181818182,0.7443181818181818,0.0,0.13636363636363646,True,0.0,0.11007159948348999,,0,False,65354685.40778277,,,,2,64,7,2,stride,32,8,6,True,True,1,flatten,0.11824631885894521,bn,,adamw,0.0007220575075013424,0.004366627862858991,cosine,0.10297117031382509,0.0
2c7e8dea,deployed,,,,0.0,,,False,,,False,0,False,,,,,2,64,7,2,stride,64,16,6,True,False,1,flatten,0.11388743615592442,bn,,adamw,0.0009024812102842718,0.0002365150293466383,cosine,0.11080168534596621,5.0
3307cf2e,deployed,,,,0.0,,,False,,,False,0,False,,,,,2,64,7,2,stride,64,8,8,True,False,1,flatten,0.11226655931622168,bn,,adamw,0.000890481104952765,0.00038273450199418274,cosine,0.11195614072885467,5.0
dbe4d5fa,pruned_before_deploy,,,,0.8295454545454546,,,,,,,24,False,,,,,2,32,5,2,stride,32,8,32,True,False,1,flatten,0.13612708703022589,bn,,adamw,0.0006600536872026359,0.008029476196346452,cosine,0.11552585171650594,1.0
8657abd2,pruned_before_deploy,,,,0.6875,,,,,,,8,False,,,,,2,64,7,2,stride,32,16,6,True,False,1,flatten,0.1151840836916929,bn,,adamw,0.0009005948579930411,0.00027143191142812165,cosine,0.11000932852442838,1.0
13071adc,pruned_before_deploy,,,,0.7045454545454546,,,,,,,8,False,,,,,2,64,7,2,stride,32,8,6,True,True,1,flatten,0.13735630506118832,bn,,adamw,0.0007914666621966443,0.0009382924171119331,cosine,0.1359961467199894,1.0
50b909de,deployed,0.8863636363636364,0.8863636363636364,0.8863636363636364,0.7215909090909091,0.0,0.1647727272727273,True,0.0,0.2469996213912964,,0,False,65457550.06882617,,,,2,64,7,2,stride,32,8,6,True,False,1,flatten,0.13442095886438155,bn,,adamw,0.0007839288099497708,0.0015532341488286765,cosine,0.11920579282246534,5.0
3a4970c7,pruned_before_deploy,,,,0.8068181818181818,,,,,,,24,False,,,,,2,64,7,2,stride,32,8,6,True,True,1,flatten,0.12607004818658596,bn,,adamw,0.0006644813308142823,0.008853034288570516,cosine,0.09811363735793344,1.0
0f7d2965,deployed,0.875,0.875,0.875,0.7386363636363636,0.0,0.13636363636363635,True,0.0,0.050000011920928955,,0,False,59998795.18736065,,,,2,64,7,2,stride,32,8,6,True,False,1,flatten,0.12723839610297594,bn,,adamw,0.0008045747188494054,0.009984786398915948,cosine,0.13538798826032764,1.0
0da2ac64,pruned_before_deploy,,,,0.6875,,,,,,,8,False,,,,,2,64,7,2,stride,32,8,16,True,True,1,flatten,0.10257225869386107,bn,,adamw,0.0008157522211628912,0.009884716921085671,cosine,0.12676740698795863,1.0
f5eeabca,pruned_before_deploy,,,,0.8238636363636364,,,,,,,24,False,,,,,2,64,5,2,stride,32,8,32,True,True,1,flatten,0.16018844741614527,bn,,adamw,0.0009056272718624205,0.0009338844513831579,cosine,0.04703020833556363,1.0
afb5b703,deployed,0.8636363636363636,0.8636363636363636,0.8636363636363636,0.7159090909090909,0.0,0.1477272727272727,True,0.0,0.0499953031539917,,0,False,63360552.21497844,,,,2,64,7,2,stride,32,8,6,True,True,1,flatten,0.10539517569333794,bn,,adamw,0.0008904299535095296,0.008263792509219403,cosine,0.1248812214183243,5.0
ba68da9f,pruned_before_deploy,,,,0.6988636363636364,,,,,,,8,False,,,,,2,64,7,2,stride,32,8,16,True,True,1,flatten,0.10155699829256647,bn,,adamw,0.0010033947543029488,0.0004997393658424998,step,0.12805371632011303,1.0
dff6a2be,deployed,0.8977272727272727,0.8977272727272727,0.8977272727272727,0.7329545454545454,0.0,0.1647727272727273,True,0.0,0.11328691244125366,,0,False,59047135.17634326,,,,2,64,7,2,stride,32,8,6,True,True,1,flatten,0.10766834207645266,bn,,adamw,0.0008900903754417419,0.008428886639106188,cosine,0.12323219693778288,1.0
930dde01,pruned_before_deploy,,,,0.8181818181818182,,,,,,,24,False,,,,,2,64,7,2,stride,32,8,16,True,True,1,flatten,0.12558463448405888,bn,,adamw,0.000986562260594124,0.009891457669412152,cosine,0.12649087995277,1.0
f44a73af,pruned_before_deploy,,,,0.8011363636363636,,,,,,,24,False,,,,,2,64,7,2,stride,32,8,16,True,True,1,flatten,0.18624452684969545,bn,,adamw,0.0009762827118524122,0.0004787200868270181,step,0.11905910520686719,5.0
14a58ddf,pruned_before_deploy,,,,0.6590909090909091,,,,,,,8,False,,,,,2,64,7,,pool,32,8,6,True,True,1,flatten,0.19620176264958977,bn,,adamw,0.0009566957777896517,0.0063910981663382205,cosine,0.1168242173995075,1.0
1f10132c,deployed,0.8806818181818182,0.8806818181818182,0.8806818181818182,0.7386363636363636,0.0,0.14204545454545459,True,0.0,0.04999572038650513,,0,False,62052623.927755274,,,,2,64,7,2,stride,32,8,6,True,True,1,flatten,0.12655217685255324,bn,,adamw,0.0008131115515253243,0.0003048520881738424,cosine,0.12666633488829995,1.0
41d56630,pruned_before_deploy,,,,0.7840909090909091,,,,,,,24,False,,,,,2,64,7,2,stride,32,8,16,True,True,1,flatten,0.11142508280067911,bn,,adamw,0.0009978789133062453,8.189348118434665e-05,step,0.10592921935793809,1.0
c8a061d8,deployed,0.8920454545454546,0.8920454545454546,0.8977272727272727,0.75,0.005681818181818121,0.14204545454545459,True,0.0,0.3582274317741394,,0,False,58789827.991091326,,,,2,64,7,2,stride,32,8,16,True,True,1,flatten,0.1002861352654283,bn,,adamw,0.0008129109669865414,0.0004864325610556091,cosine,0.11993166414796927,1.0
c49c177f,pruned_before_deploy,,,,0.6136363636363636,,,,,,,8,False,,,,,2,64,7,2,stride,32,8,6,True,True,1,flatten,0.11151594029179764,bn,,adamw,0.004080141382125471,0.005596064938958252,cosine,0.12094829812398172,1.0
94aafb14,pruned_before_deploy,,,,0.5284090909090909,,,,,,,8,False,,,,,2,64,7,,pool,32,8,6,True,True,1,flatten,0.1103925369108505,bn,,adamw,0.004843149503989252,0.00663287896768244,cosine,0.11952484470580836,1.0
ee31d17c,pruned_before_deploy,,,,0.8295454545454546,,,,,,,24,False,,,,,2,64,7,2,stride,32,8,6,True,True,1,flatten,0.1861928965946627,bn,,adamw,0.000957716251065668,0.006451231306449273,cosine,0.10561876137727765,5.0
b9713af0,pruned_before_deploy,,,,0.7045454545454546,,,,,,,8,False,,,,,2,64,7,2,stride,32,8,4,True,True,1,flatten,0.1108595128234797,bn,,adamw,0.0007360438501708551,0.0066511990270829695,cosine,0.12049100002793425,1.0
92ac5faf,deployed,0.8920454545454546,0.8920454545454546,0.8920454545454546,0.7556818181818182,0.0,0.13636363636363635,True,0.0,0.04999583959579468,,0,False,57685490.2440454,,,,2,64,7,2,stride,32,8,16,True,True,1,flatten,0.12749245706813445,bn,,adamw,0.0009573831092606865,0.009557355426763529,cosine,0.11832393058747911,1.0
ec0ee78a,pruned_before_deploy,,,,0.6875,,,,,,,8,False,,,,,2,64,7,2,stride,32,8,4,True,True,1,flatten,0.11352457738659998,bn,,adamw,0.0007482273133964388,0.004926763367611741,cosine,0.12044150649644449,1.0
42f42da9,pruned_before_deploy,,,,0.6931818181818182,,,,,,,8,False,,,,,2,64,7,2,stride,32,16,4,True,True,1,flatten,0.10941149490439125,bn,,adamw,0.0007579444426202787,0.006657698555966272,onecycle,0.11453187974673096,1.0
fe8ef69d,pruned_before_deploy,,,,0.6818181818181818,,,,,,,8,False,,,,,2,64,7,2,stride,32,16,4,True,True,1,flatten,0.10196619103653717,bn,,adamw,0.0007426436905275503,0.0007505595458789619,onecycle,0.11452864638485274,1.0
bf03f7e2,pruned_before_deploy,,,,0.6477272727272727,,,,,,,8,False,,,,,2,64,7,2,stride,32,16,6,True,True,1,flatten,0.10445726469470189,bn,,adamw,0.0007399674561770919,0.007679188845402621,onecycle,0.1144894588601926,1.0
a8827efd,pruned_before_deploy,,,,0.6818181818181818,,,,,,,8,False,,,,,2,64,7,2,stride,32,16,6,True,True,1,flatten,0.10316379871602673,bn,,adamw,0.0007426223836518639,0.00803602416170754,onecycle,0.11489634905663165,1.0
a195cbc7,pruned_before_deploy,,,,0.7045454545454546,,,,,,,8,False,,,,,2,64,7,2,stride,32,8,6,True,True,1,flatten,0.10051465168071011,bn,,adamw,0.0007582480857969816,0.007927738078939518,cosine,0.11117436809893691,1.0
d1d9f6d6,pruned_before_deploy,,,,0.6988636363636364,,,,,,,8,False,,,,,2,64,7,2,stride,32,8,6,True,True,1,flatten,0.11661944161261613,bn,,adamw,0.0006333219159420489,0.00898557610953495,cosine,0.09415786002388961,1.0
fc3cf2db,pruned_before_deploy,,,,0.6875,,,,,,,8,False,,,,,2,64,7,2,stride,32,8,6,True,True,1,flatten,0.39834196365110375,bn,,adamw,0.0006232349219077213,0.008827176610148582,cosine,0.11007220625047705,1.0
01f6a478,pruned_before_deploy,,,,0.6875,,,,,,,8,False,,,,,2,64,7,2,stride,32,8,6,True,True,1,flatten,0.10006958283791839,bn,,adamw,0.0008219475416063484,0.008889622937945053,none,0.09837400116370738,1.0
ac267c10,deployed,0.8693181818181818,0.8693181818181818,0.8693181818181818,0.75,0.0,0.11931818181818177,True,0.0,0.049995362758636475,,0,False,61348148.603327505,,,,2,64,7,2,stride,32,8,16,True,True,1,flatten,0.10980435451798923,bn,,adamw,0.0007481279123150758,0.00047249130371994385,cosine,0.12784498864496918,5.0
a093b771,pruned_before_deploy,,,,0.7840909090909091,,,,,,,24,False,,,,,2,64,7,,pool,32,8,6,True,True,1,flatten,0.11129394403240285,bn,,adamw,0.000931703195415974,0.006324945818365985,cosine,0.12030700250293298,1.0
9c8c4248,pruned_before_deploy,,,,0.8295454545454546,,,,,,,24,False,,,,,2,64,7,2,stride,32,16,6,True,True,1,flatten,0.10386269661696283,bn,,adamw,0.0006382805705698431,0.008050458177384107,cosine,0.11397226850275971,1.0
18bbeca6,pruned_before_deploy,,,,0.8181818181818182,,,,,,,24,False,,,,,2,64,7,2,stride,32,8,6,True,True,1,flatten,0.1014475007937631,bn,,adamw,0.0006208571827908345,0.007964337282004554,cosine,0.09097646235305487,1.0
bd0a2700,pruned_before_deploy,,,,0.6818181818181818,,,,,,,8,False,,,,,2,64,7,2,stride,32,8,6,True,True,1,flatten,0.11945602036664195,bn,,adamw,0.0006923273080967022,0.0008585291076796483,cosine,0.09098506077320478,1.0
6d19092f,pruned_before_deploy,,,,0.6931818181818182,,,,,,,8,False,,,,,2,64,7,2,stride,32,8,2,True,True,1,flatten,0.12174228180742226,bn,,adamw,0.0008070442096472991,0.0003475359257287251,cosine,0.10356424133148891,1.0
19a75428,deployed,,,,0.0,,,False,,,False,0,False,,,,,2,64,7,2,stride,64,8,2,True,True,1,flatten,0.16908564158627926,bn,,adamw,0.0008230061685328109,0.0003505290660798692,cosine,0.10311180443111055,1.0
c021a730,deployed,,,,0.0,,,False,,,False,0,False,,,,,2,64,7,2,stride,64,8,8,True,True,1,flatten,0.16713095448894075,bn,,adamw,0.0008199984796155074,0.0007187728542697877,cosine,0.10798904285084181,1.0
8365ee9c,deployed,0.8806818181818182,0.8806818181818182,0.8863636363636364,0.7215909090909091,0.005681818181818121,0.15909090909090917,True,0.0,0.04999494552612305,,0,False,66486203.77448721,,,,2,64,7,2,stride,32,16,6,True,True,1,flatten,0.10047621757550243,bn,,adamw,0.0007633786861939379,0.007751396107539588,onecycle,0.11391616222574015,1.0
74352772,pruned_before_deploy,,,,0.7954545454545454,,,,,,,24,False,,,,,2,64,7,2,stride,32,8,6,True,True,1,flatten,0.16933721106092464,bn,,adamw,0.0008367232774803205,0.0003149047060076932,cosine,0.10446088744590808,1.0
fba418c3,deployed,0.8863636363636364,0.8863636363636364,0.8863636363636364,0.7443181818181818,0.0,0.14204545454545459,True,0.0,0.04999518394470215,,0,False,66072172.380583,,,,2,64,7,2,stride,32,8,6,True,True,1,flatten,0.1001007109666649,bn,,adamw,0.0006333581906753532,0.008930376247455492,cosine,0.09180785825819801,1.0
e095577b,pruned_before_deploy,,,,0.6988636363636364,,,,,,,8,False,,,,,2,64,7,2,stride,32,8,6,True,True,1,flatten,0.11885037722285774,bn,,adamw,0.0008775967623442488,0.0001578370761587905,cosine,0.1332994648187485,1.0
a0390d76,pruned_before_deploy,,,,0.6988636363636364,,,,,,,8,False,,,,,2,64,7,2,stride,32,8,6,True,True,1,flatten,0.15742001783374493,bn,,adamw,0.0010975873638950366,0.000151260339843099,cosine,0.1399294511191615,1.0
e10993b2,pruned_before_deploy,,,,0.6931818181818182,,,,,,,8,False,,,,,2,64,7,2,stride,32,8,6,True,True,1,flatten,0.1299677623606874,bn,,adamw,0.000860428401834578,0.0004060975506787263,cosine,0.13256703527758046,1.0
56c97827,deployed,0.8806818181818182,0.8806818181818182,0.8806818181818182,0.75,0.0,0.13068181818181823,True,0.0,0.04999607801437378,,0,False,73942617.27043697,,,,2,64,7,2,stride,32,8,2,True,True,1,flatten,0.11975598709478681,bn,,adamw,0.000821715249722971,0.0003787383475133353,none,0.10953893183115576,1.0
47d87205,pruned_before_deploy,,,,0.6931818181818182,,,,,,,8,False,,,,,2,64,7,2,stride,32,8,6,True,True,1,flatten,0.131066215271313,bn,,adamw,0.0005880672212079917,0.0003890288424373192,cosine,0.13298757478531953,1.0
6afcac77,pruned_before_deploy,,,,0.8238636363636364,,,,,,,24,False,,,,,2,64,7,2,stride,32,8,8,True,True,1,flatten,0.15848725202805994,bn,,adamw,0.001096054564109361,0.00017987774068441208,cosine,0.10777083578176974,1.0
e527dcc9,deployed,0.8863636363636364,0.8863636363636364,0.8863636363636364,0.7386363636363636,0.0,0.1477272727272727,True,0.0,0.177689790725708,,0,False,61148435.859319255,,,,2,64,7,2,stride,32,8,6,True,True,1,flatten,0.100384515105676,bn,,adamw,0.0008233437167929996,0.0003462733641134062,cosine,0.10063020716085903,1.0
06398136,pruned_before_deploy,,,,0.6988636363636364,,,,,,,8,False,,,,,2,64,7,2,stride,32,8,6,True,True,1,flatten,0.13105895427485137,bn,,adamw,0.0007853840691622416,0.0003997788612647132,cosine,0.10014035722777984,1.0
53501d94,pruned_before_deploy,,,,0.7102272727272727,,,,,,,8,False,,,,,2,32,7,2,stride,32,8,6,True,True,1,flatten,0.11460840891290931,bn,,adamw,0.000578855192219777,0.00010477275151201751,cosine,0.09990361803833941,1.0
9a0eb694,pruned_before_deploy,,,,0.7045454545454546,,,,,,,8,False,,,,,2,32,7,,pool,32,8,6,True,True,1,flatten,0.14174112793984545,bn,,adamw,0.000692313814303544,0.0006359650559612852,cosine,0.10092751139451829,1.0
292528de,pruned_before_deploy,,,,0.6988636363636364,,,,,,,8,False,,,,,2,32,5,,pool,32,8,6,True,True,1,flatten,0.1400403335140569,bn,,adamw,0.0006941113251006253,0.0006480077372061075,cosine,0.1222440179652756,1.0
6fa9f000,pruned_before_deploy,,,,0.3693181818181818,,,,,,,8,False,,,,,3,32,5,,pool,32,8,6,True,True,1,flatten,0.111126805848062,bn,,adamw,0.0007904546755384293,0.0007221741086343646,cosine,0.10079844611638475,1.0
fc1d60d3,deployed,,,,0.0,,,False,,,False,0,False,,,,,3,64,7,2,stride,32,8,16,True,True,1,flatten,0.10835235739780573,bn,,adamw,0.0009280682353011168,0.005495658225794879,cosine,0.11626222287004603,1.0
3f415564,pruned_before_deploy,,,,0.6534090909090909,,,,,,,8,False,,,,,2,64,7,,pool,32,8,6,True,True,1,flatten,0.14135197288500378,bn,,adamw,0.0007793726634331325,0.0006985037931203017,cosine,0.10008065157887366,1.0
011e4d84,pruned_before_deploy,,,,0.7045454545454546,,,,,,,8,False,,,,,2,64,5,,pool,32,8,16,True,True,1,flatten,0.1418201206512843,bn,,adamw,0.0009381253317334713,0.0006461450028598734,cosine,0.11777400103352878,1.0
f001287d,pruned_before_deploy,,,,0.5454545454545454,,,,,,,8,False,,,,,3,64,5,2,stride,32,8,16,True,True,1,flatten,0.11019264351176952,bn,,adamw,0.000895098373194317,0.0056043622888305175,cosine,0.11833648821789816,1.0
27e95a52,pruned_before_deploy,,,,0.5965909090909091,,,,,,,8,False,,,,,2,64,7,2,stride,32,8,16,True,True,1,flatten,0.11818587950649422,bn,,adamw,0.0009445774863327563,0.005419668963249744,cosine,0.11903037575403032,1.0
b01390c8,pruned_before_deploy,,,,0.5965909090909091,,,,,,,8,False,,,,,2,64,7,2,stride,32,8,3,True,True,1,flatten,0.11859719517759226,bn,,adamw,0.000874565823520222,0.009783005024175204,cosine,0.09555310655134419,1.0
0569661e,pruned_before_deploy,,,,0.4715909090909091,,,,,,,8,False,,,,,4,64,5,,pool,32,8,16,True,True,1,flatten,0.14092363937453858,bn,,adamw,0.0006834225573212195,0.0005945035376731064,cosine,0.11782928272760726,1.0
da0fba08,pruned_before_deploy,,,,0.6704545454545454,,,,,,,8,False,,,,,2,64,7,2,stride,32,8,16,True,True,1,flatten,0.11835768499203747,bn,,adamw,0.0009429344648440754,0.009765855406306057,cosine,0.09491053634251709,1.0
18ef4ca3,pruned_before_deploy,,,,0.6477272727272727,,,,,,,8,False,,,,,2,64,7,2,stride,32,8,3,True,True,1,flatten,0.12024980566757168,bn,,adamw,0.0008767476070959304,0.0008623419519683362,cosine,0.09589982873817457,0.0
e89b4b08,pruned_before_deploy,,,,0.6875,,,,,,,8,False,,,,,2,64,7,2,stride,32,8,3,True,True,1,flatten,0.1253733481548212,bn,,adamw,0.0008737300791196101,0.0005483269111452114,cosine,0.09516770346487179,0.0
3647c424,pruned_before_deploy,,,,0.6818181818181818,,,,,,,8,False,,,,,2,64,7,2,stride,32,8,63,True,True,1,flatten,0.12568335557238952,bn,,adamw,0.0008503762043578517,0.0009077372623018502,cosine,0.1279393653468447,0.0
e1243a08,pruned_before_deploy,,,,0.6647727272727273,,,,,,,8,False,,,,,2,64,7,2,stride,32,8,63,True,True,1,flatten,0.12728547607000235,bn,,adamw,0.0008532615573628937,0.0009211553809924091,cosine,0.109885652777537,1.0
d2b038a9,pruned_before_deploy,,,,0.6988636363636364,,,,,,,8,False,,,,,2,64,7,2,stride,32,8,63,True,True,1,flatten,0.12486316140624712,bn,,adamw,0.0008460187333604309,0.00021786152623679076,cosine,0.12941142305312853,1.0
bdd952e4,pruned_before_deploy,,,,0.6988636363636364,,,,,,,8,False,,,,,2,64,7,2,stride,32,8,63,True,True,1,flatten,0.10853809215065958,bn,,adamw,0.0010288426176895675,0.0013450382623607256,cosine,0.12315225218529693,1.0
787cf97d,pruned_before_deploy,,,,0.6761363636363636,,,,,,,8,False,,,,,2,64,7,2,stride,32,8,6,True,True,1,flatten,0.11051471442671745,bn,,adamw,0.0007866054845501637,0.00028672919604981397,cosine,0.12277942888282567,1.0
d2ae0312,pruned_before_deploy,,,,0.6931818181818182,,,,,,,8,False,,,,,2,64,7,2,stride,32,8,6,False,True,1,flatten,0.15494403628182146,bn,,adamw,0.0008130419237058958,0.00027722562693624346,cosine,0.1231453579442758,1.0
54c1bd0a,pruned_before_deploy,,,,0.75,,,,,,,24,False,,,,,2,32,5,,pool,32,8,6,True,True,1,flatten,0.14185454388735907,bn,,adamw,0.0007053378238293072,0.000655563000827084,cosine,0.11870646232268241,1.0
e026e4ca,pruned_before_deploy,,,,0.6761363636363636,,,,,,,8,False,,,,,2,64,7,2,stride,32,8,6,True,True,1,flatten,0.13429415781893664,bn,,adamw,0.0007178095316917731,0.0045186874172896095,cosine,0.10568975616438492,1.0
a0c3c008,pruned_before_deploy,,,,0.8238636363636364,,,,,,,24,False,,,,,2,64,7,2,stride,32,8,6,True,True,1,flatten,0.2947493095157567,bn,,adamw,0.0008792706503489669,0.0008541573477430403,cosine,0.1233399814592211,0.0
75c31f53,pruned_before_deploy,,,,0.7443181818181818,,,,,,,24,False,,,,,2,64,7,2,stride,32,8,63,True,True,1,flatten,0.20391689333335983,bn,,adamw,0.000852202956227309,0.0009092793159514371,cosine,0.12376725857546073,1.0
03ee6518,pruned_before_deploy,,,,0.7045454545454546,,,,,,,8,False,,,,,2,64,7,2,stride,32,8,6,True,True,1,flatten,0.20534561666906173,bn,,adamw,0.0007233615582248184,0.0070673845213591,cosine,0.10511081111288256,1.0
5548993c,pruned_before_deploy,,,,0.6988636363636364,,,,,,,8,False,,,,,2,64,7,2,stride,32,8,6,True,True,1,flatten,0.10940485681324674,bn,,adamw,0.0007814178806885985,0.00043705258609005155,cosine,0.11208180994733266,1.0
beceb1bc,deployed,,,,0.0,,,False,,,False,0,False,,,,,2,64,7,2,stride,64,8,6,False,True,1,flatten,0.1135891787005146,bn,,adamw,0.0005952330382607067,0.00045806326154110635,none,0.11308134161740044,1.0
1d1b21bb,pruned_before_deploy,,,,0.6193181818181818,,,,,,,8,False,,,,,2,64,7,2,stride,32,8,6,False,True,1,flatten,0.11417973611077017,bn,,adamw,0.0005930348844794349,0.007108446691571331,none,0.11233579690199834,1.0
988c2e93,pruned_before_deploy,,,,0.8181818181818182,,,,,,,24,False,,,,,2,64,7,2,stride,32,8,6,True,True,1,flatten,0.10827729160835514,bn,,adamw,0.0010219083332340755,0.00027630174292075574,cosine,0.1240564534250483,1.0
b35e3287,pruned_before_deploy,,,,0.8125,,,,,,,24,False,,,,,2,64,7,2,stride,32,8,6,True,True,1,flatten,0.10795511435740338,bn,,adamw,0.0010315934845873329,0.0013582816664774783,cosine,0.12367240275411898,1.0
b3fa603e,pruned_before_deploy,,,,0.6988636363636364,,,,,,,8,False,,,,,2,64,7,2,stride,32,8,6,False,True,1,flatten,0.11537394576756543,bn,,adamw,0.0006586600861957599,0.00389260001289869,cosine,0.007267539869074385,1.0
2eb4f972,pruned_before_deploy,,,,0.6931818181818182,,,,,,,8,False,,,,,2,64,7,2,stride,32,8,6,True,True,1,flatten,0.10707593197077084,bn,,adamw,0.0009034771423989524,0.007153334520227072,cosine,0.1092162969459239,1.0
bf5d39e3,pruned_before_deploy,,,,0.6931818181818182,,,,,,,8,False,,,,,2,64,7,2,stride,32,8,6,True,False,1,flatten,0.15044728922814699,bn,,adamw,0.0009040133648679962,5.073536480970988e-05,step,0.13741980231904188,1.0
866ecb89,pruned_before_deploy,,,,0.6818181818181818,,,,,,,8,False,,,,,2,64,7,2,stride,32,8,32,True,False,1,flatten,0.15155632148808557,bn,,adamw,0.001995782146687795,0.008798688348255868,step,0.1362270957916142,1.0
71c6d660,pruned_before_deploy,,,,0.6704545454545454,,,,,,,8,False,,,,,2,64,7,2,stride,32,8,32,True,False,1,flatten,0.15329631980902592,bn,,adamw,0.0009142456949802048,0.0005219442750923758,step,0.13584452552551446,1.0
a4eec9ff,pruned_before_deploy,,,,0.6875,,,,,,,8,False,,,,,2,64,7,2,stride,32,16,32,True,False,1,flatten,0.1300070442606328,bn,,adamw,0.0008119203301920515,0.008300713601303798,cosine,0.1305003084888518,1.0
45a039a5,pruned_before_deploy,,,,0.7045454545454546,,,,,,,8,False,,,,,2,64,7,2,stride,32,16,4,True,True,1,flatten,0.13252216260836858,bn,,adamw,0.0008193890949099126,0.0005278463108776191,cosine,0.12805402411438094,1.0
045507ca,pruned_before_deploy,,,,0.7045454545454546,,,,,,,8,False,,,,,2,64,7,2,stride,32,8,4,True,True,1,flatten,0.13280100715839435,bn,,adamw,0.0007758054524418908,0.000751972888487336,cosine,0.10475793410979999,1.0
cc2681cb,pruned_before_deploy,,,,0.6647727272727273,,,,,,,8,False,,,,,2,64,7,2,stride,32,8,6,True,True,1,flatten,0.12162726211241603,bn,,adamw,0.0007765920956611629,0.0007396731689337788,cosine,0.10633694678277869,1.0
e902c126,pruned_before_deploy,,,,0.7045454545454546,,,,,,,8,False,,,,,2,64,7,2,stride,32,8,6,False,True,1,flatten,0.12158603618872096,bn,,adamw,0.0009707838317449716,0.0031251090596607334,cosine,0.08932109218144854,5.0
18198742,pruned_before_deploy,,,,0.6477272727272727,,,,,,,8,False,,,,,2,64,7,2,stride,32,8,6,True,True,1,flatten,0.16195793434883393,bn,,adamw,0.0006618177309290229,0.009761141007266308,cosine,0.10975446034815844,1.0
c0fec9b7,pruned_before_deploy,,,,0.8068181818181818,,,,,,,24,False,,,,,2,64,7,2,stride,32,16,4,True,True,1,flatten,0.13002620764506853,bn,,adamw,0.0008186135490907181,0.0007437761135428488,cosine,0.13010460827078701,1.0
8e4ffb98,pruned_before_deploy,,,,0.7954545454545454,,,,,,,24,False,,,,,2,64,7,2,stride,32,8,6,True,True,1,flatten,0.10624962607278907,bn,,adamw,0.0006189326529537782,0.0005812866073515837,cosine,0.11635280982654611,1.0
0eb0eae8,pruned_before_deploy,,,,0.8238636363636364,,,,,,,24,False,,,,,2,64,7,2,stride,32,8,6,True,True,1,flatten,0.1154162372856506,bn,,adamw,0.0007537454076971185,6.506351732673916e-05,cosine,0.11872251170818814,5.0
d30bf509,deployed,,,,0.0,,,False,,,False,0,False,,,,,2,64,7,2,stride,64,8,6,False,True,1,flatten,0.11542363877123493,bn,,adamw,0.0007617782972916657,0.007773736231125719,cosine,0.10374594130946774,5.0
503a6244,deployed,,,,0.0,,,False,,,False,0,False,,,,,2,64,7,2,stride,64,8,6,False,True,1,flatten,0.10511593388055823,bn,,adamw,0.0008355841337038152,0.0074822879107492805,cosine,0.09753580727873608,1.0
78bdc6ec,pruned_before_deploy,,,,0.6988636363636364,,,,,,,8,False,,,,,2,64,7,2,stride,32,8,16,True,False,1,flatten,0.1458677655330827,bn,,adamw,0.0008000002570560158,0.00886169381780441,cosine,0.10779142752962038,1.0
f3da83f5,pruned_before_deploy,,,,0.6647727272727273,,,,,,,8,False,,,,,2,64,7,2,stride,32,8,6,True,True,1,flatten,0.10630799079701868,bn,,adamw,0.0007141404660858994,0.00023767707946386387,cosine,0.11651452235835875,1.0
8711982a,pruned_before_deploy,,,,0.8181818181818182,,,,,,,24,False,,,,,2,64,7,2,stride,32,8,6,True,True,1,flatten,0.12223590789425545,bn,,adamw,0.0011615425214755676,0.0002451963016667618,cosine,0.11676779126499968,1.0
ce456c7e,pruned_before_deploy,,,,0.8181818181818182,,,,,,,24,False,,,,,2,64,7,2,stride,32,8,16,True,True,1,flatten,0.10053183552693289,bn,,adamw,0.0009020355466524362,0.006060485459565179,cosine,0.11209301032014635,1.0
dfd4296f,pruned_before_deploy,,,,0.8295454545454546,,,,,,,24,False,,,,,2,64,7,2,stride,32,8,16,True,True,1,flatten,0.11447551173904769,bn,,adamw,0.000894202275554473,0.005973464627148571,cosine,0.14249183095237508,1.0
95d2f8b3,pruned_before_deploy,,,,0.8238636363636364,,,,,,,24,False,,,,,2,64,7,2,stride,32,8,8,True,False,1,flatten,0.13430698514119613,bn,,adamw,0.0008396478020128039,0.00046902939291366583,cosine,0.09927760282608195,5.0
c414209c,pruned_before_deploy,,,,0.6931818181818182,,,,,,,8,False,,,,,2,64,7,2,stride,32,8,6,True,True,1,flatten,0.10010930569573959,bn,,adamw,0.0008399667031161294,0.004684200386459388,cosine,0.12777502240824234,1.0
8a85ae4e,deployed,0.8636363636363636,0.8636363636363636,0.8636363636363636,0.7443181818181818,0.0,0.11931818181818188,True,0.0,0.1464148759841919,,0,False,83547555.36837758,,,,2,64,7,2,stride,32,8,8,True,False,1,flatten,0.11444153582297366,bn,,adamw,0.0008529540989495687,0.0019537528000973495,cosine,0.14132465734400712,5.0
